item_id,npc_id,drop_rate
17010,12056,93
16807,12056,45
16797,12056,44
17110,12056,44
16836,12056,43
16856,12056,23
16844,12056,20
18823,12056,6
18821,12056,6
19142,12056,5
19143,12056,5
19136,12056,5
18822,12056,5
18820,12056,5
18861,12056,3
18824,12056,3
18252,12056,2
18264,12056,2
18291,12056,2
18564,12056,1.9
7068,12056,128
7078,12056,101
7077,12056,75
4787,12056,145
17011,12057,87
17105,12057,28
18832,12057,26
17071,12057,26
16795,12057,25
16834,12057,25
17066,12057,25
16846,12057,25
16866,12057,25
16821,12057,25
16813,12057,24
16808,12057,24
16854,12057,14
16842,12057,11
19136,12057,10
18823,12057,9
19142,12057,9
18822,12057,9
18820,12057,9
19143,12057,8
18821,12057,8
18564,12057,6
18829,12057,5
18824,12057,5
18861,12057,4
8150,12057,245
7076,12057,95
7075,12057,65
16812,12259,40
16826,12259,40
16862,12259,32
16849,12259,30
17331,12259,28
16860,12259,23
16839,12259,20
17077,12259,8
18861,12259,7
18872,12259,7
19147,12259,7
19145,12259,7
18875,12259,7
18878,12259,7
19146,12259,7
18879,12259,6
7078,12259,97
7068,12259,87
7077,12259,52
17011,11988,105
17203,11988,41
17103,11988,37
18842,11988,37
16798,11988,36
16820,11988,35
17072,11988,34
16809,11988,34
16845,11988,34
16815,11988,34
16865,11988,32
16833,11988,32
16853,11988,20
16841,11988,17
18823,11988,5
19142,11988,4
19143,11988,4
19136,11988,4
18822,11988,4
18821,11988,4
18820,11988,4
18257,11988,3
18861,11988,2
18252,11988,2
7076,11988,115
7078,11988,110
7075,11988,82
7077,11988,74
16665,12118,122
16805,12118,38
16863,12118,38
17109,12118,29
16800,12118,28
16829,12118,28
17329,12118,24
16859,12118,16
16837,12118,14
18861,12118,4
18879,12118,4
18872,12118,4
19147,12118,4
19145,12118,4
7078,12118,95
7068,12118,90
7077,12118,53
17073,11982,35
17069,11982,35
16814,11982,34
16810,11982,33
16796,11982,32
16835,11982,32
17065,11982,32
18203,11982,31
16847,11982,31
16867,11982,30
16822,11982,30
16855,11982,19
16843,11982,13
18823,11982,12
19143,11982,12
18822,11982,12
18821,11982,12
19142,11982,11
19136,11982,11
18820,11982,11
18824,11982,7
18861,11982,6
18829,11982,5
19144,11982,4
18264,11982,3
18260,11982,2
17012,11982,1.7
11370,12018,45
21558,12018,40
21559,12018,40
21557,12018,40
21561,12018,40
21562,12018,40
21589,12018,20
21590,12018,20
21592,12018,20
21593,12018,20
21595,12018,20
18703,12018,10
18805,12018,10
18811,12018,5
18809,12018,5
14343,12018,5
18646,12018,5
18810,12018,5
18812,12018,5
14344,12018,25
3357,12018,10
11176,12018,5
18815,11502,64
16915,11502,45
17102,11502,36
16930,11502,36
16909,11502,27
16954,11502,27
16922,11502,27
16946,11502,27
17106,11502,27
19137,11502,27
18816,11502,27
16901,11502,27
17063,11502,18
19138,11502,18
18814,11502,18
17107,11502,18
16938,11502,18
17204,11502,18
17082,11502,18
17076,11502,9
18817,11502,9
21106,11502,9
16962,11502,9
17104,11502,9
7078,11502,345
13008,11502,45
13007,11502,36
13118,11502,36
13013,11502,27
13053,11502,18
13111,11502,18
13072,11502,18
13130,11502,18
13036,11502,9
13126,11502,9
13009,11502,9
13120,11502,9
13075,11502,9
13133,11502,9
13123,11502,9
9402,11502,9
13125,11502,9
2564,11502,9
13113,11502,9
13077,11502,9
13040,11502,9
13067,11502,9
13002,11502,9
13003,11502,9
13135,11502,9
16801,12264,42
16831,12264,41
16852,12264,41
16811,12264,34
16803,12264,33
17332,12264,33
16824,12264,32
17077,12264,4
19147,12264,4
19145,12264,4
18878,12264,3
7068,12264,111
7078,12264,98
7077,12264,65
16823,12098,45
17074,12098,45
16848,12098,44
16816,12098,44
16868,12098,43
17330,12098,34
17077,12098,5
18861,12098,5
18879,12098,5
18872,12098,5
19147,12098,5
18875,12098,5
18878,12098,5
19146,12098,5
7068,12098,119
7078,12098,111
7077,12098,69
17012,11673,32
8146,11673,6
17010,12056,93
16807,12056,45
16797,12056,44
17110,12056,44
16836,12056,43
16856,12056,23
16844,12056,20
18823,12056,6
18821,12056,6
19142,12056,5
19143,12056,5
19136,12056,5
18822,12056,5
18820,12056,5
18861,12056,3
18824,12056,3
18252,12056,2
18264,12056,2
18291,12056,2
18564,12056,1.9
7068,12056,128
7078,12056,101
7077,12056,75
4787,12056,145
17011,12057,87
17105,12057,28
18832,12057,26
17071,12057,26
16795,12057,25
16834,12057,25
17066,12057,25
16846,12057,25
16866,12057,25
16821,12057,25
16813,12057,24
16808,12057,24
16854,12057,14
16842,12057,11
19136,12057,10
18823,12057,9
19142,12057,9
18822,12057,9
18820,12057,9
19143,12057,8
18821,12057,8
18564,12057,6
18829,12057,5
18824,12057,5
18861,12057,4
8150,12057,245
7076,12057,95
7075,12057,65
16812,12259,40
16826,12259,40
16862,12259,32
16849,12259,30
17331,12259,28
16860,12259,23
16839,12259,20
17077,12259,8
18861,12259,7
18872,12259,7
19147,12259,7
19145,12259,7
18875,12259,7
18878,12259,7
19146,12259,7
18879,12259,6
7078,12259,97
7068,12259,87
7077,12259,52
17011,11988,105
17203,11988,41
17103,11988,37
18842,11988,37
16798,11988,36
16820,11988,35
17072,11988,34
16809,11988,34
16845,11988,34
16815,11988,34
16865,11988,32
16833,11988,32
16853,11988,20
16841,11988,17
18823,11988,5
19142,11988,4
19143,11988,4
19136,11988,4
18822,11988,4
18821,11988,4
18820,11988,4
18257,11988,3
18861,11988,2
18252,11988,2
7076,11988,115
7078,11988,110
7075,11988,82
7077,11988,74
16665,12118,122
16805,12118,38
16863,12118,38
17109,12118,29
16800,12118,28
16829,12118,28
17329,12118,24
16859,12118,16
16837,12118,14
18861,12118,4
18879,12118,4
18872,12118,4
19147,12118,4
19145,12118,4
7078,12118,95
7068,12118,90
7077,12118,53
17073,11982,35
17069,11982,35
16814,11982,34
16810,11982,33
16796,11982,32
16835,11982,32
17065,11982,32
18203,11982,31
16847,11982,31
16867,11982,30
16822,11982,30
16855,11982,19
16843,11982,13
18823,11982,12
19143,11982,12
18822,11982,12
18821,11982,12
19142,11982,11
19136,11982,11
18820,11982,11
18824,11982,7
18861,11982,6
18829,11982,5
19144,11982,4
18264,11982,3
18260,11982,2
17012,11982,1.7
11370,12018,45
21558,12018,40
21559,12018,40
21557,12018,40
21561,12018,40
21562,12018,40
21589,12018,20
21590,12018,20
21592,12018,20
21593,12018,20
21595,12018,20
18703,12018,10
18805,12018,10
18811,12018,5
18809,12018,5
14343,12018,5
18646,12018,5
18810,12018,5
18812,12018,5
14344,12018,25
3357,12018,10
11176,12018,5
18815,11502,64
16915,11502,45
17102,11502,36
16930,11502,36
16909,11502,27
16954,11502,27
16922,11502,27
16946,11502,27
17106,11502,27
19137,11502,27
18816,11502,27
16901,11502,27
17063,11502,18
19138,11502,18
18814,11502,18
17107,11502,18
16938,11502,18
17204,11502,18
17082,11502,18
17076,11502,9
18817,11502,9
21106,11502,9
16962,11502,9
17104,11502,9
7078,11502,345
13008,11502,45
13007,11502,36
13118,11502,36
13013,11502,27
13053,11502,18
13111,11502,18
13072,11502,18
13130,11502,18
13036,11502,9
13126,11502,9
13009,11502,9
13120,11502,9
13075,11502,9
13133,11502,9
13123,11502,9
9402,11502,9
13125,11502,9
2564,11502,9
13113,11502,9
13077,11502,9
13040,11502,9
13067,11502,9
13002,11502,9
13003,11502,9
13135,11502,9
16801,12264,42
16831,12264,41
16852,12264,41
16811,12264,34
16803,12264,33
17332,12264,33
16824,12264,32
17077,12264,4
19147,12264,4
19145,12264,4
18878,12264,3
7068,12264,111
7078,12264,98
7077,12264,65
16823,12098,45
17074,12098,45
16848,12098,44
16816,12098,44
16868,12098,43
17330,12098,34
17077,12098,5
18861,12098,5
18879,12098,5
18872,12098,5
19147,12098,5
18875,12098,5
18878,12098,5
19146,12098,5
7068,12098,119
7078,12098,111
7077,12098,69
17012,11673,32
8146,11673,6
11370,11671,44
21558,11671,44
21559,11671,44
21557,11671,44
21561,11671,44
21562,11671,44
21589,11671,22
21590,11671,22
21592,11671,22
21593,11671,22
21595,11671,22
11040,11671,78
14344,11671,11
11370,11672,20
3821,11672,10
14344,11672,10
17010,11668,10
3857,11668,19
7068,11668,4
7077,11668,4
7078,11668,3
4787,11668,34
7912,12099,50
4784,12099,50
17010,11666,19
3857,11666,15
7077,11666,4
7078,11666,3
7068,11666,2
4787,11666,30
17010,11667,16
3857,11667,16
7068,11667,3
7078,11667,3
7077,11667,3
4787,11667,29
7077,11661,5
7078,11661,4
8766,11661,4
8952,11661,4
7068,11661,3
13444,11661,1.3
10305,11661,1.1
13446,11661,1
16804,11664,2
16819,11664,2
16802,11664,1.9
16864,11664,1.9
16861,11664,1.9
16830,11664,1.8
16850,11664,1.8
16799,11664,1.7
16828,11664,1.7
16827,11664,1.7
16806,11664,1.6
16825,11664,1.5
16817,11664,1.3
16857,11664,1.1
16838,11664,1
16840,11664,0.9
16851,11664,0.9
16858,11664,0.6
14555,11664,0.17
10367,11664,0.11
10158,11664,0.11
2801,11664,0.06
15941,11664,0.06
10254,11664,0.06
7078,11664,37
5760,11664,3
7909,11664,2
7077,11664,1.7
15246,11664,1.1
7910,11664,1.1
7068,11664,0.9
15220,11664,0.8
10368,11664,0.8
10154,11664,0.8
10384,11664,0.6
10385,11664,0.6
10248,11664,0.6
14506,11664,0.6
15257,11664,0.6
10379,11664,0.5
15288,11664,0.4
10366,11664,0.4
15266,11664,0.4
8303,11664,0.4
10266,11664,0.4
10160,11664,0.4
10163,11664,0.4
10153,11664,0.4
10151,11664,0.4
8766,11664,0.4
7078,11663,20
12684,11663,20
16830,11662,10
8766,11662,30
7078,11662,10
8952,11662,10
3990,11662,10
8952,12119,6
7078,12119,5
7068,12119,4
7077,12119,4
8766,12119,4
15931,12119,1.1
17011,11665,6
7912,11665,23
8150,11665,15
7075,11665,3
7067,11665,3
7076,11665,3
4784,11665,62
17011,12076,11
7912,12076,32
8150,12076,14
7075,12076,3
7067,12076,3
7076,12076,3
4784,12076,58
17011,12100,11
7912,12100,29
8150,12100,13
7075,12100,3
7067,12100,3
7076,12100,3
4784,12100,53
17011,12101,10
16827,12101,1.4
16830,12101,1.2
16817,12101,1.2
16825,12101,1.2
16802,12101,1.1
16828,12101,1.1
16850,12101,1.1
16819,12101,1.1
16799,12101,1
16861,12101,1
16806,12101,1
16851,12101,1
16864,12101,0.9
16804,12101,0.9
16857,12101,0.6
16858,12101,0.5
16840,12101,0.4
16838,12101,0.3
10254,12101,0.08
10367,12101,0.03
12048,12101,0.03
15941,12101,0.02
1728,12101,0.02
2801,12101,0.01
3475,12101,0.01
10271,12101,0.01
10158,12101,0.01
12728,12101,0.01
12720,12101,0.01
12017,12101,0.01
7076,12101,26
7912,12101,7
8150,12101,5
7909,12101,4
7910,12101,4
5760,12101,2
7067,12101,1.1
7075,12101,1
15239,12101,0.4
15266,12101,0.4
12713,12101,0.4
15257,12101,0.4
15220,12101,0.3
15288,12101,0.3
15246,12101,0.3
10217,12101,0.3
16251,12101,0.3
10137,12101,0.3
10385,12101,0.3
17010,11659,7
17011,11659,7
11382,11659,4
3857,11659,16
7067,11659,4
7068,11659,3
7075,11659,2
7076,11659,2
7078,11659,2
7077,11659,1.8
4787,11659,30
3857,11658,17
7067,11658,4
7068,11658,4
7076,11658,3
7078,11658,3
7075,11658,2
7077,11658,1.9
4787,11658,??
17757,13718,50
17684,13718,45
4338,13718,17
4306,13718,13
4599,13718,5
1645,13718,3
4637,13718,0.6
7909,13718,0.3
14228,13718,0.3
4424,13718,0.3
7910,13718,0.3
4087,13718,0.3
14240,13718,0.2
14248,13718,0.2
866,13718,0.2
15214,13718,0.2
14245,13718,0.15
14220,13718,0.15
15234,13718,0.15
15583,13718,0.15
14942,13718,0.12
15371,13718,0.12
4019,13718,0.5
4021,13718,0.4
3989,13718,0.3
3939,13718,0.3
4022,13718,0.3
4023,13718,0.3
4024,13718,0.3
4026,13718,0.3
3961,13718,0.3
4018,13718,0.3
3938,13718,0.2
3943,13718,0.2
4007,13718,0.2
4004,13718,0.2
3986,13718,0.2
4020,13718,0.2
3963,13718,0.2
3936,13718,0.18
8750,13718,0.18
4005,13718,0.12
3964,13718,0.12
7072,14229,4
15881,14229,4
17058,14229,15
17057,14229,12
6362,14229,6
7369,14229,4
9868,14229,3
9861,14229,2
9853,14229,2
7436,14229,2
9855,14229,1.2
9845,14229,1.2
9826,14229,1.2
7368,14229,1.2
7461,14229,1.2
7417,14229,1.2
7418,14229,1.2
3820,14229,1.2
6249,4700,81
12204,4700,36
5122,4700,31
5121,4700,12
4634,4700,0.2
14759,4700,0.15
1529,4700,0.13
15286,4700,0.13
3037,4700,0.13
15140,4700,0.08
15148,4700,0.08
15232,4700,0.08
14414,4700,0.08
1990,4700,0.05
14761,4700,0.05
12010,4700,0.05
11098,4700,0.05
12029,4700,0.05
15570,4700,0.05
15213,4700,0.05
15560,4700,0.05
15552,4700,0.05
14203,4700,0.05
3185,4700,0.03
11971,4700,0.03
11985,4700,0.03
3864,4700,0.03
14229,4700,0.03
11165,4700,0.03
14219,4700,0.03
14217,4700,0.03
15143,4700,0.03
15145,4700,0.03
15226,4700,0.03
14593,4700,0.03
14594,4700,0.03
15355,4700,0.03
15358,4700,0.03
2080,4700,0.03
15571,4700,0.03
15568,4700,0.03
4232,4700,0.03
5774,4700,0.03
15563,4700,0.03
14401,4700,0.03
5213,4700,0.03
15594,4700,0.03
14410,4700,0.03
14411,4700,0.03
15550,4700,0.03
1701,11785,25
1702,11785,25
4234,11785,12
4304,11785,4
5637,11785,3
8146,11785,1.1
4093,11785,25
11386,11785,25
4092,11786,17
11387,11786,16
4304,11786,12
4234,11786,10
8146,11786,1.6
4093,11786,21
11386,11786,21
4553,11781,24
7912,11781,34
8150,11781,13
7067,11781,3
4784,11781,64
4552,11781,11
7912,11782,31
8150,11782,13
7067,11782,3
7075,11782,1.1
4784,11782,58
4552,11782,26
4554,11782,11
12204,4702,60
5122,4702,45
5121,4702,17
15213,4702,0.4
1725,4702,0.3
14207,4702,0.3
1990,4702,0.14
14235,4702,0.14
15990,4702,0.14
14217,4702,0.14
15142,4702,0.14
15150,4702,0.14
14595,4702,0.14
15353,4702,0.14
15562,4702,0.14
14426,4702,0.14
4636,4702,0.14
12020,4702,0.14
1465,4702,0.14
15364,4702,0.14
15365,4702,0.14
11040,6706,55
1206,6706,2
818,6706,2
4582,4688,23
12037,4688,18
12203,4688,16
3402,4688,50
20310,4665,3
4306,4665,62
3771,4665,10
2592,4665,8
1708,4665,5
1710,4665,4
4338,4665,2
3385,4665,1.9
4634,4665,0.2
14189,4665,0.15
1529,4665,0.14
865,4665,0.11
15346,4665,0.11
15231,4665,0.11
3870,4665,0.09
14399,4665,0.09
14397,4665,0.09
12039,4665,0.09
14759,4665,0.08
3041,4665,0.06
15285,4665,0.06
14587,4665,0.06
15354,4665,0.06
4614,4665,0.06
15128,4665,0.06
15962,4665,0.06
14758,4665,0.06
15544,4665,0.06
14205,4665,0.06
14206,4665,0.06
14184,4665,0.06
15542,4665,0.06
5007,4665,0.05
3042,4665,0.05
5003,4665,0.05
15250,4665,0.05
15556,4665,0.05
14404,4665,0.05
4414,4665,0.05
15530,4665,0.05
14757,4665,0.05
15548,4665,0.05
14196,4665,0.05
5214,4665,0.05
3037,4665,0.05
15536,4665,0.05
11996,4665,0.03
15136,4665,0.03
15131,4665,0.03
15130,4665,0.03
20310,4663,5
5373,4663,0.03
4306,4663,61
3771,4663,10
2592,4663,9
1708,4663,5
1710,4663,3
4338,4663,2
3385,4663,1.6
3210,4663,0.2
1529,4663,0.2
1705,4663,0.2
4634,4663,0.12
15341,4663,0.12
14406,4663,0.11
15250,4663,0.09
4633,4663,0.09
15127,4663,0.09
15128,4663,0.09
15231,4663,0.09
12019,4663,0.08
15284,4663,0.08
3867,4663,0.08
15547,4663,0.08
15538,4663,0.08
3041,4663,0.06
15133,4663,0.06
14578,4663,0.06
865,4663,0.06
15344,4663,0.06
14193,4663,0.06
14399,4663,0.06
14400,4663,0.06
14758,4663,0.06
14197,4663,0.06
15285,4663,0.05
3042,4663,0.05
15137,4663,0.05
14579,4663,0.05
14583,4663,0.05
14585,4663,0.05
14761,4663,0.05
5002,4663,0.05
15242,4663,0.05
4614,4663,0.05
14186,4663,0.05
14191,4663,0.05
14404,4663,0.05
14397,4663,0.05
15123,4663,0.05
20310,4666,3
4306,4666,62
3771,4666,10
2592,4666,9
1708,4666,5
1710,4666,3
4338,4666,1.9
3385,4666,1.7
4634,4666,0.3
14399,4666,0.17
865,4666,0.13
15231,4666,0.13
1529,4666,0.12
15285,4666,0.1
15250,4666,0.1
14178,4666,0.08
3864,4666,0.07
5214,4666,0.07
3041,4666,0.06
15131,4666,0.06
15549,4666,0.06
3042,4666,0.05
14587,4666,0.05
15548,4666,0.05
14198,4666,0.05
3210,4666,0.04
5003,4666,0.04
15136,4666,0.04
14579,4666,0.04
14585,4666,0.04
791,4666,0.04
15351,4666,0.04
15354,4666,0.04
2080,4666,0.04
15344,4666,0.04
15346,4666,0.04
15559,4666,0.04
14189,4666,0.04
14190,4666,0.04
14403,4666,0.04
14404,4666,0.04
14397,4666,0.04
15128,4666,0.04
15533,4666,0.04
15531,4666,0.04
15225,4666,0.04
14758,4666,0.04
14205,4666,0.04
3186,4666,0.04
14206,4666,0.04
20310,4705,2
4306,4705,57
4338,4705,15
3771,4705,11
1710,4705,6
1477,4705,4
15572,4705,1.2
15214,4705,1.2
15159,4705,1.2
1708,4705,1.2
15367,4705,1.2
6986,4705,9
3813,4705,1.2
5431,4705,1.2
3801,4705,1.2
3793,4705,1.2
3795,4705,1.2
20310,4664,5
5373,4664,0.07
4306,4664,61
3771,4664,9
2592,4664,8
1708,4664,5
1710,4664,3
4338,4664,2
3385,4664,1.6
15242,4664,0.2
4634,4664,0.15
4633,4664,0.13
14397,4664,0.13
14585,4664,0.12
1529,4664,0.12
14406,4664,0.12
3186,4664,0.12
865,4664,0.11
2077,4664,0.11
3041,4664,0.09
15250,4664,0.09
1705,4664,0.09
15129,4664,0.09
15225,4664,0.09
15518,4664,0.09
15545,4664,0.09
14197,4664,0.09
15351,4664,0.08
14191,4664,0.08
15524,4664,0.08
15135,4664,0.07
8184,4664,0.07
15345,4664,0.07
14754,4664,0.07
14756,4664,0.07
15231,4664,0.07
720,4664,0.05
15284,4664,0.05
14400,4664,0.05
14403,4664,0.05
14379,4664,0.05
14758,4664,0.05
14205,4664,0.05
14209,4664,0.05
15136,4664,0.04
15133,4664,0.04
15143,4664,0.04
15232,4664,0.04
857,4664,0.04
14189,4664,0.04
15750,13019,99
20310,13019,1.1
4306,13019,23
3771,13019,3
4338,13019,1.1
1710,13019,0.8
3385,13019,0.5
14217,13019,0.2
3042,13019,0.12
4634,13019,0.12
15285,13019,0.08
15232,13019,0.08
14593,13019,0.08
4414,13019,0.08
3185,13019,0.04
3864,13019,0.04
15139,13019,0.04
14581,13019,0.04
14587,13019,0.04
14229,13019,0.04
15147,13019,0.04
1529,13019,0.04
1705,13019,0.04
15568,13019,0.04
15555,13019,0.04
15554,13019,0.04
3873,13019,0.04
15975,13019,0.04
14401,13019,0.04
14404,13019,0.04
15225,13019,0.04
14753,13019,0.04
15575,13019,0.04
15546,13019,0.04
15548,13019,0.04
14205,13019,0.04
15976,13019,0.04
15364,13019,0.04
12039,13019,0.04
12009,13019,0.04
14214,13019,0.04
15541,13019,0.04
6986,13019,2
3809,13019,0.5
3801,13019,0.4
3781,13019,0.3
3782,13019,0.3
8748,13019,0.2
3780,13019,0.2
3784,13019,0.2
20310,4667,1.5
4306,4667,62
3771,4667,9
2592,4667,8
1708,4667,5
1710,4667,3
3385,4667,2
4338,4667,1.9
15344,4667,0.2
5214,4667,0.2
14219,4667,0.15
15354,4667,0.15
1529,4667,0.15
15975,4667,0.15
14397,4667,0.15
15533,4667,0.15
15225,4667,0.15
3197,4667,0.15
15548,4667,0.15
14205,4667,0.15
14196,4667,0.15
14206,4667,0.15
3042,4667,0.08
12019,4667,0.08
2877,4667,0.08
15131,4667,0.08
15133,4667,0.08
14583,4667,0.08
14763,4667,0.08
15145,4667,0.08
15350,4667,0.08
4634,4667,0.08
15286,4667,0.08
4352,4667,0.08
15556,4667,0.08
15559,4667,0.08
14189,4667,0.08
14399,4667,0.08
14401,4667,0.08
15129,4667,0.08
15128,4667,0.08
15530,4667,0.08
15892,4667,0.08
14753,4667,0.08
14416,4667,0.08
14409,4667,0.08
14199,4667,0.08
14208,4667,0.08
14209,4667,0.08
15542,4667,0.08
7291,4668,34
20310,4668,1.7
4306,4668,51
4338,4668,7
3771,4668,7
1708,4668,4
1710,4668,1.8
3385,4668,1.3
4421,4668,0.5
4424,4668,0.3
15360,4668,0.2
4087,4668,0.2
1207,4668,0.18
14413,4668,0.18
3864,4668,0.14
14760,4668,0.14
12040,4668,0.14
14218,4668,0.09
14223,4668,0.09
15146,4668,0.09
14591,4668,0.09
1529,4668,0.09
1640,4668,0.09
4614,4668,0.09
15233,4668,0.09
14426,4668,0.09
15963,4668,0.09
14410,4668,0.09
14215,4668,0.09
15603,4668,0.05
14232,4668,0.05
14231,4668,0.05
14765,4668,0.05
14224,4668,0.05
15353,4668,0.05
13017,4668,0.05
1725,4668,0.05
15569,4668,0.05
15160,4668,0.05
7085,4668,0.05
8386,4668,0.05
15563,4668,0.05
14771,4668,0.05
3830,4668,0.05
14418,4668,0.05
15322,4668,0.05
15595,4668,0.05
15596,4668,0.05
15260,4668,0.05
4636,4668,0.05
1464,4695,45
3404,4695,34
11416,4695,26
12037,4695,38
5116,4695,27
15243,4695,0.1
1990,4695,0.07
3864,4695,0.07
15339,4695,0.07
5213,4695,0.07
8188,4695,0.06
863,4695,0.06
1725,4695,0.06
3197,4695,0.06
14226,4695,0.04
14217,4695,0.04
15144,4695,0.04
1529,4695,0.04
15573,4695,0.04
15577,4695,0.04
15579,4695,0.04
4636,4695,0.04
15364,4695,0.04
15134,4695,0.03
14764,4695,0.03
14218,4695,0.03
14590,4695,0.03
14595,4695,0.03
1207,4695,0.03
15155,4695,0.03
15557,4695,0.03
3873,4695,0.03
15594,4695,0.03
14415,4695,0.03
11971,4695,0.01
7909,4695,0.01
11996,4695,0.01
14232,4695,0.01
14761,4695,0.01
14762,4695,0.01
12010,4695,0.01
12040,4695,0.01
14221,4695,0.01
14223,4695,0.01
15142,4695,0.01
15145,4695,0.01
15149,4695,0.01
15151,4695,0.01
15226,4695,0.01
15234,4695,0.01
17684,11688,4
4338,11688,15
4306,11688,8
4599,11688,3
9931,11688,1.8
9930,11688,1.7
9874,11688,1.7
7487,11688,1.6
9967,11688,1.6
9969,11688,1.6
9887,11688,1.5
7491,11688,1.4
9919,11688,1.4
7478,11688,1.3
9291,11688,1.1
1645,11688,1.1
9909,11688,1.1
9884,11688,1.1
9971,11688,1
9290,11688,1
6082,4686,3
4306,4686,47
17057,4686,26
17058,4686,25
7973,4686,23
6362,4686,8
4338,4686,4
1710,4686,1.4
1708,4686,1.4
6082,4687,7
4306,4687,47
17058,4687,24
7973,4687,22
17057,4687,22
6362,4687,6
4338,4687,4
1708,4687,1.9
1710,4687,1.4
4553,11937,34
6990,11937,0.17
7912,11937,27
4636,11937,0.17
14767,11937,0.12
3864,11937,0.1
15134,11937,0.1
15144,11937,0.1
1465,11937,0.1
863,11937,0.07
864,11937,0.07
15260,11937,0.07
15360,11937,0.07
7909,11937,0.05
14236,11937,0.05
14218,11937,0.05
14222,11937,0.05
15226,11937,0.05
5774,11937,0.05
4353,11937,0.05
14426,11937,0.05
15367,11937,0.05
4087,11937,0.05
15977,11937,0.05
14215,11937,0.05
14600,11937,0.05
15606,11937,0.02
9385,11937,0.02
14240,11937,0.02
14239,11937,0.02
14241,11937,0.02
14226,11937,0.02
14235,11937,0.02
14232,11937,0.02
14762,11937,0.02
14765,11937,0.02
15990,11937,0.02
8188,11937,0.02
1625,11937,0.02
12040,11937,0.02
11997,11937,0.02
14595,11937,0.02
14596,11937,0.02
14589,11937,0.02
14592,11937,0.02
15353,11937,0.02
1529,11937,0.02
1725,11937,0.02
14248,11937,0.02
15565,11937,0.02
13542,11876,100
4306,4677,68
4338,4677,11
4607,4677,10
1708,4677,5
1710,4677,3
3827,4677,1.8
15213,4677,0.5
4424,4677,0.4
4636,4677,0.4
864,4677,0.3
15233,4677,0.3
3864,4677,0.2
4421,4677,0.2
15576,4677,0.2
7909,4677,0.18
8188,4677,0.12
12040,4677,0.12
15144,4677,0.12
14595,4677,0.12
14594,4677,0.12
15573,4677,0.12
4614,4677,0.12
15581,4677,0.12
15580,4677,0.12
15260,4677,0.12
14215,4677,0.12
15134,4677,0.06
14240,4677,0.06
9434,4677,0.06
5215,4677,0.06
14235,4677,0.06
14232,4677,0.06
14760,4677,0.06
14767,4677,0.06
14218,4677,0.06
15146,4677,0.06
863,4677,0.06
11997,4677,0.06
14607,4677,0.06
14596,4677,0.06
14248,4677,0.06
14251,4677,0.06
15572,4677,0.06
1207,4677,0.06
15153,4677,0.06
15154,4677,0.06
7449,4677,0.06
3874,4677,0.06
14773,4677,0.06
4417,4677,0.06
6252,4680,97
4306,4680,28
4607,4680,5
4338,4680,5
1708,4680,3
1710,4680,1.4
3827,4680,0.6
4421,4680,0.16
15233,4680,0.11
15260,4680,0.09
4636,4680,0.09
4424,4680,0.08
15563,4680,0.07
14410,4680,0.07
7909,4680,0.05
15613,4680,0.05
14222,4680,0.05
11997,4680,0.05
14773,4680,0.05
15360,4680,0.05
14765,4680,0.04
14223,4680,0.04
864,4680,0.04
15261,4680,0.04
14426,4680,0.04
15322,4680,0.04
11986,4680,0.04
1465,4680,0.04
15134,4680,0.03
14240,4680,0.03
14239,4680,0.03
14236,4680,0.03
15990,4680,0.03
14224,4680,0.03
15226,4680,0.03
11998,4680,0.03
1725,4680,0.03
1207,4680,0.03
15581,4680,0.03
15963,4680,0.03
14606,4680,0.03
13121,4680,0.03
15603,4680,0.01
11972,4680,0.01
3864,4680,0.01
14238,4680,0.01
5215,4680,0.01
14232,4680,0.01
14231,4680,0.01
12011,4680,0.01
1464,4693,47
3404,4693,38
11416,4693,11
12037,4693,45
5116,4693,12
10300,4693,0.19
4636,4693,0.14
15213,4693,0.12
5009,4693,0.1
1725,4693,0.07
15562,4693,0.07
14202,4693,0.07
14207,4693,0.07
1990,4693,0.05
14229,4693,0.05
12010,4693,0.05
14217,4693,0.05
14222,4693,0.05
15149,4693,0.05
863,4693,0.05
15570,4693,0.05
15561,4693,0.05
15322,4693,0.05
3197,4693,0.05
12020,4693,0.05
7909,4693,0.02
15134,4693,0.02
15243,4693,0.02
13025,4693,0.02
14226,4693,0.02
15990,4693,0.02
14223,4693,0.02
14224,4693,0.02
15151,4693,0.02
15150,4693,0.02
15234,4693,0.02
12029,4693,0.02
14593,4693,0.02
13017,4693,0.02
15286,4693,0.02
15565,4693,0.02
15574,4693,0.02
15214,4693,0.02
15558,4693,0.02
14419,4693,0.02
14420,4693,0.02
15575,4693,0.02
15581,4693,0.02
15590,4693,0.02
15594,4693,0.02
1464,4694,42
3404,4694,37
11416,4694,27
12037,4694,40
5116,4694,28
1529,4694,0.5
1207,4694,0.5
15565,4694,0.4
14898,4694,0.2
15576,4694,0.2
15613,4694,0.1
14239,4694,0.1
14595,4694,0.1
14591,4694,0.1
14250,4694,0.1
1640,4694,0.1
15214,4694,0.1
7085,4694,0.1
15595,4694,0.1
15363,4694,0.1
14603,4694,0.1
11418,4694,11
5829,4694,8
5636,4694,7
1464,4692,50
3404,4692,34
11416,4692,12
12037,4692,40
5116,4692,13
4634,4692,0.12
1725,4692,0.1
5214,4692,0.07
15285,4692,0.06
3042,4692,0.06
15147,4692,0.06
15250,4692,0.05
15232,4692,0.05
14404,4692,0.05
14210,4692,0.05
3041,4692,0.04
14581,4692,0.04
14583,4692,0.04
15354,4692,0.04
1529,4692,0.04
15346,4692,0.04
15555,4692,0.04
14189,4692,0.04
15975,4692,0.04
15225,4692,0.04
14757,4692,0.04
15544,4692,0.04
14198,4692,0.04
14209,4692,0.04
11985,4692,0.03
12019,4692,0.03
3864,4692,0.03
15131,4692,0.03
14585,4692,0.03
15145,4692,0.03
15349,4692,0.03
15345,4692,0.03
14397,4692,0.03
14405,4692,0.03
15128,4692,0.03
15530,4692,0.03
15231,4692,0.03
15548,4692,0.03
14199,4692,0.03
12009,4692,0.03
15133,4692,0.02
15137,4692,0.02
14584,4692,0.02
14761,4692,0.02
14763,4692,0.02
15878,11562,7
17057,11562,70
6362,11562,11
1708,11562,6
1710,11562,3
3827,11562,1.6
2290,11562,0.8
1711,11562,0.6
1477,11562,0.4
4634,11562,0.2
1529,11562,0.2
15232,11562,0.18
15352,11562,0.12
15225,11562,0.12
3185,11562,0.1
1990,11562,0.08
3042,11562,0.08
1725,11562,0.08
1705,11562,0.08
15551,11562,0.08
15147,11562,0.07
2080,11562,0.07
15139,11562,0.06
15250,11562,0.06
4614,11562,0.06
14414,11562,0.06
14409,11562,0.06
14211,11562,0.06
3864,11562,0.05
15137,11562,0.05
14593,11562,0.05
15349,11562,0.05
15568,11562,0.05
15553,11562,0.05
12009,11562,0.05
15140,11562,0.04
15554,11562,0.04
11970,11562,0.04
15550,11562,0.04
14214,11562,0.04
14210,11562,0.04
14207,11562,0.04
14209,11562,0.04
15285,11562,0.03
15131,11562,0.03
15130,11562,0.03
15143,11562,0.03
14590,11562,0.03
15355,11562,0.03
15350,11562,0.03
15878,11563,14
17057,11563,67
6362,11563,10
1708,11563,5
1710,11563,3
3827,11563,1.4
4634,11563,0.3
1529,11563,0.18
3037,11563,0.17
14416,11563,0.16
2080,11563,0.14
3185,11563,0.13
3197,11563,0.13
15140,11563,0.12
3864,11563,0.1
15286,11563,0.1
14764,11563,0.07
15148,11563,0.07
15213,11563,0.07
15541,11563,0.07
14584,11563,0.06
15142,11563,0.05
15232,11563,0.05
14590,11563,0.05
15357,11563,0.05
15358,11563,0.05
1725,11563,0.05
15571,11563,0.05
15557,11563,0.05
5213,11563,0.05
14201,11563,0.05
11996,11563,0.04
15243,11563,0.04
15143,11563,0.04
15355,11563,0.04
15350,11563,0.04
4614,11563,0.04
14751,11563,0.04
15575,11563,0.04
11970,11563,0.04
14414,11563,0.04
14408,11563,0.04
12020,11563,0.04
15552,11563,0.04
15553,11563,0.04
15976,11563,0.04
14203,11563,0.04
14211,11563,0.04
14236,11563,0.02
14235,11563,0.02
12204,4701,57
5122,4701,45
5121,4701,15
863,4701,0.4
5213,4701,0.3
14759,4701,0.2
4634,4701,0.2
13033,4701,0.2
7909,4701,0.11
3864,4701,0.11
15243,4701,0.11
15148,4701,0.11
15145,4701,0.11
1725,4701,0.11
15260,4701,0.11
14411,4701,0.11
4636,4701,0.11
14203,4701,0.11
5133,4727,70
4636,4727,0.5
15214,4727,0.2
14766,4727,0.18
15573,4727,0.18
15563,4727,0.18
1465,4727,0.18
14240,4727,0.12
14222,4727,0.12
15146,4727,0.12
863,4727,0.12
14596,4727,0.12
14594,4727,0.12
14592,4727,0.12
15153,4727,0.12
15322,4727,0.12
15260,4727,0.12
11971,4727,0.06
3864,4727,0.06
14235,4727,0.06
14762,4727,0.06
14760,4727,0.06
14767,4727,0.06
8188,4727,0.06
12010,4727,0.06
12040,4727,0.06
11167,4727,0.06
15149,4727,0.06
15150,4727,0.06
14591,4727,0.06
15356,4727,0.06
12030,4727,0.06
864,4727,0.06
14248,4727,0.06
15572,4727,0.06
15213,4727,0.06
1207,4727,0.06
15160,4727,0.06
10301,4727,0.06
15557,4727,0.06
14773,4727,0.06
14772,4727,0.06
9435,4727,0.06
14902,4727,0.06
4416,4727,0.06
15261,4727,0.06
15580,4727,0.06
15583,4727,0.06
15594,4727,0.06
15598,4727,0.06
15874,12347,39
2675,12347,33
2674,12347,31
5569,12347,14
17057,12347,39
4634,12347,0.13
14758,12347,0.11
14397,12347,0.1
3042,12347,0.08
4633,12347,0.08
15242,12347,0.08
1529,12347,0.08
1705,12347,0.08
5007,12347,0.06
12028,12347,0.06
3210,12347,0.06
3864,12347,0.06
15131,12347,0.06
14587,12347,0.06
865,12347,0.06
15345,12347,0.06
14192,12347,0.06
14406,12347,0.06
12047,12347,0.06
3185,12347,0.04
15133,12347,0.04
15139,12347,0.04
14579,12347,0.04
14608,12347,0.04
2080,12347,0.04
15555,12347,0.04
15559,12347,0.04
15531,12347,0.04
15225,12347,0.04
14178,12347,0.04
14183,12347,0.04
3041,12347,0.02
15285,12347,0.02
13024,12347,0.02
5003,12347,0.02
15135,12347,0.02
15137,12347,0.02
13049,12347,0.02
14759,12347,0.02
14763,12347,0.02
8184,12347,0.02
11164,12347,0.02
15232,12347,0.02
15284,12347,0.02
13031,12347,0.02
6067,4651,20
4306,4651,57
3771,4651,10
2592,4651,8
1708,4651,4
1710,4651,3
4338,4651,2
3385,4651,1.7
4634,4651,0.2
3185,4651,0.17
2080,4651,0.17
1529,4651,0.17
14200,4651,0.17
3037,4651,0.17
1705,4651,0.12
14214,4651,0.12
3042,4651,0.08
3864,4651,0.08
14764,4651,0.08
12010,4651,0.08
14221,4651,0.08
15151,4651,0.08
15232,4651,0.08
14593,4651,0.08
864,4651,0.08
15571,4651,0.08
7450,4651,0.08
10601,4651,0.08
5213,4651,0.08
14409,4651,0.08
14208,4651,0.08
14212,4651,0.08
11971,4651,0.04
1990,4651,0.04
15130,4651,0.04
15243,4651,0.04
14584,4651,0.04
14218,4651,0.04
14222,4651,0.04
15148,4651,0.04
15143,4651,0.04
15145,4651,0.04
15144,4651,0.04
15226,4651,0.04
12029,4651,0.04
15349,4651,0.04
15355,4651,0.04
15358,4651,0.04
15286,4651,0.04
15568,4651,0.04
6067,4653,17
4306,4653,62
3771,4653,9
2592,4653,8
1708,4653,5
1710,4653,3
4338,4653,1.3
3385,4653,1.2
4636,4653,1
15355,4653,0.4
4634,4653,0.4
3873,4653,0.4
14207,4653,0.4
14212,4653,0.4
15243,4653,0.19
14584,4653,0.19
14762,4653,0.19
14223,4653,0.19
15149,4653,0.19
14593,4653,0.19
1705,4653,0.19
15213,4653,0.19
4614,4653,0.19
15562,4653,0.19
15579,4653,0.19
14412,4653,0.19
14411,4653,0.19
3807,4653,0.6
3817,4653,0.6
3781,4653,0.4
3801,4653,0.4
3802,4653,0.4
3779,4653,0.4
3799,4653,0.4
3782,4653,0.4
3783,4653,0.4
3816,4653,0.4
3786,4653,0.4
3809,4653,0.19
3810,4653,0.19
3814,4653,0.19
3803,4653,0.19
3793,4653,0.19
3795,4653,0.19
3796,4653,0.19
3797,4653,0.19
3798,4653,0.19
3785,4653,0.19
3780,4653,0.19
3787,4653,0.19
6067,4652,18
4306,4652,59
3771,4652,9
2592,4652,8
1710,4652,5
1708,4652,4
4338,4652,2
3385,4652,0.5
14602,4652,0.3
3185,4652,0.17
14235,4652,0.17
11167,4652,0.17
11165,4652,0.17
15151,4652,0.17
1725,4652,0.17
7449,4652,0.17
7450,4652,0.17
14426,4652,0.17
15575,4652,0.17
15577,4652,0.17
15260,4652,0.17
15976,4652,0.17
14201,4652,0.17
14208,4652,0.17
3785,4652,0.8
3781,4652,0.3
3808,4652,0.3
3809,4652,0.3
3803,4652,0.3
3805,4652,0.3
3792,4652,0.3
3794,4652,0.3
3795,4652,0.3
3797,4652,0.3
3787,4652,0.3
3778,4652,0.3
3814,4652,0.17
3802,4652,0.17
3804,4652,0.17
3779,4652,0.17
8746,4652,0.17
3782,4652,0.17
3783,4652,0.17
3780,4652,0.17
3784,4652,0.17
3786,4652,0.17
6067,4646,26
4306,4646,57
3771,4646,9
2592,4646,7
1708,4646,5
1710,4646,3
4338,4646,1.7
3385,4646,1.3
4634,4646,0.16
3042,4646,0.13
15137,4646,0.13
5214,4646,0.13
15285,4646,0.1
1529,4646,0.1
14189,4646,0.1
15225,4646,0.1
14751,4646,0.1
14409,4646,0.1
3037,4646,0.1
3864,4646,0.06
15131,4646,0.06
14581,4646,0.06
15250,4646,0.06
15232,4646,0.06
15349,4646,0.06
1725,4646,0.06
15286,4646,0.06
14190,4646,0.06
14404,4646,0.06
14753,4646,0.06
15231,4646,0.06
14205,4646,0.06
14196,4646,0.06
12009,4646,0.06
14210,4646,0.06
14211,4646,0.06
14209,4646,0.06
12028,4646,0.03
12019,4646,0.03
15130,4646,0.03
14583,4646,0.03
14584,4646,0.03
14763,4646,0.03
14219,4646,0.03
15148,4646,0.03
15145,4646,0.03
15147,4646,0.03
15151,4646,0.03
15352,4646,0.03
15354,4646,0.03
6067,4647,26
4306,4647,57
3771,4647,9
2592,4647,7
1708,4647,4
1710,4647,3
4338,4647,1.7
3385,4647,1.1
3042,4647,0.16
3020,4647,0.16
14753,4647,0.16
15555,4647,0.13
14404,4647,0.13
15250,4647,0.1
13063,4647,0.1
14408,4647,0.1
15285,4647,0.06
12028,4647,0.06
11996,4647,0.06
3864,4647,0.06
14579,4647,0.06
14585,4647,0.06
14763,4647,0.06
15148,4647,0.06
15147,4647,0.06
15352,4647,0.06
4634,4647,0.06
15286,4647,0.06
15346,4647,0.06
7092,4647,0.06
4614,4647,0.06
14193,4647,0.06
14401,4647,0.06
14405,4647,0.06
2951,4647,0.06
13087,4647,0.06
14751,4647,0.06
14411,4647,0.06
15544,4647,0.06
14205,4647,0.06
14206,4647,0.06
14209,4647,0.06
5214,4647,0.06
15542,4647,0.06
5007,4647,0.03
11985,4647,0.03
12019,4647,0.03
15133,4647,0.03
15139,4647,0.03
14587,4647,0.03
6067,4648,25
4306,4648,57
3771,4648,9
2592,4648,7
1708,4648,5
1710,4648,3
4338,4648,2
3385,4648,1.6
4634,4648,0.2
2080,4648,0.12
15232,4648,0.1
1725,4648,0.1
4614,4648,0.1
15140,4648,0.08
15143,4648,0.08
3037,4648,0.08
14590,4648,0.06
1529,4648,0.06
1705,4648,0.06
14416,4648,0.06
14199,4648,0.06
14209,4648,0.06
15536,4648,0.06
3185,4648,0.04
3042,4648,0.04
15133,4648,0.04
14584,4648,0.04
14587,4648,0.04
15147,4648,0.04
9405,4648,0.04
14588,4648,0.04
15349,4648,0.04
15355,4648,0.04
15153,4648,0.04
7090,4648,0.04
15560,4648,0.04
3870,4648,0.04
3830,4648,0.04
14401,4648,0.04
15225,4648,0.04
11970,4648,0.04
15594,4648,0.04
14414,4648,0.04
14409,4648,0.04
3197,4648,0.04
14201,4648,0.04
12009,4648,0.04
14206,4648,0.04
14211,4648,0.04
14212,4648,0.04
6067,4649,24
4306,4649,58
3771,4649,9
2592,4649,7
1708,4649,5
1710,4649,3
4338,4649,1.9
3385,4649,1.7
4634,4649,0.14
1529,4649,0.12
3864,4649,0.1
2080,4649,0.1
15346,4649,0.1
14201,4649,0.1
14581,4649,0.08
15349,4649,0.08
3037,4649,0.08
15137,4649,0.06
15130,4649,0.06
14585,4649,0.06
14221,4649,0.06
14219,4649,0.06
15350,4649,0.06
15339,4649,0.06
15560,4649,0.06
14404,4649,0.06
15225,4649,0.06
14196,4649,0.06
12039,4649,0.06
14210,4649,0.06
14211,4649,0.06
14208,4649,0.06
14209,4649,0.06
3185,4649,0.04
11985,4649,0.04
2912,4649,0.04
14583,4649,0.04
15143,4649,0.04
15250,4649,0.04
15232,4649,0.04
15355,4649,0.04
15358,4649,0.04
15571,4649,0.04
15213,4649,0.04
4614,4649,0.04
14401,4649,0.04
14751,4649,0.04
14409,4649,0.04
15551,4649,0.04
14199,4649,0.04
4338,11687,54
4306,11687,21
4599,11687,10
1645,11687,5
3928,11687,3
6149,11687,1.9
4421,11687,0.9
4422,11687,0.7
4419,11687,0.5
4637,11687,0.4
4424,11687,0.3
15377,11687,0.3
7910,11687,0.2
7909,11687,0.18
14241,11687,0.15
14250,11687,0.15
15359,11687,0.15
14435,11687,0.15
15369,11687,0.15
15605,11687,0.11
3864,11687,0.11
14245,11687,0.11
1625,11687,0.11
15978,11687,0.11
14248,11687,0.11
14247,11687,0.11
866,11687,0.11
10604,11687,0.11
1613,11687,0.11
4087,11687,0.11
14600,11687,0.11
15606,11687,0.07
15611,11687,0.07
13199,11687,0.07
14233,11687,0.07
11202,11687,0.07
14216,11687,0.07
15234,11687,0.07
14592,11687,0.07
15161,11687,0.07
15165,11687,0.07
11998,11687,0.07
1640,11687,0.07
8386,11687,0.07
7992,11687,0.07
14777,11687,0.07
15244,11687,0.07
14899,11687,0.07
14895,11687,0.07
15261,11687,0.07
4306,11686,66
4338,11686,10
3771,11686,9
1708,11686,5
1710,11686,3
3385,11686,1.8
7084,11686,0.7
4421,11686,0.3
4424,11686,0.3
14241,11686,0.2
5215,11686,0.2
4636,11686,0.2
14240,11686,0.17
14592,11686,0.17
14896,11686,0.17
15583,11686,0.17
7909,11686,0.14
1625,11686,0.14
11202,11686,0.14
15596,11686,0.14
4637,11686,0.14
14600,11686,0.14
14228,11686,0.1
14233,11686,0.1
15234,11686,0.1
15163,11686,0.1
15165,11686,0.1
14255,11686,0.1
866,11686,0.1
15214,11686,0.1
15244,11686,0.1
14897,11686,0.1
14900,11686,0.1
15582,11686,0.1
15366,11686,0.1
4087,11686,0.1
14599,11686,0.1
15606,11686,0.07
867,11686,0.07
8194,11686,0.07
14591,11686,0.07
11998,11686,0.07
3914,11686,0.07
14248,11686,0.07
14251,11686,0.07
15152,11686,0.07
4300,11686,0.07
3868,11686,0.07
14775,11686,0.07
14898,11686,0.07
4582,14228,13
12203,14228,29
12037,14228,24
9853,14228,5
7368,14228,4
7414,14228,4
7357,14228,3
5637,14228,3
2319,14228,3
7423,14228,3
9865,14228,3
7408,14228,2
7417,14228,2
9867,14228,2
9857,14228,1.8
9847,14228,1.8
4234,14228,1.8
7413,14228,1.8
9833,14228,1.8
9860,14228,1.5
7354,14228,1.5
7421,14228,1.5
7446,14228,1.5
7438,14228,1.5
9863,14228,1.1
9845,14228,1.1
9826,14228,1.1
9819,14228,1.1
7460,14228,1.1
9869,14228,1.1
9868,14228,1.1
7448,14228,1.1
7436,14228,1.1
3402,14228,16
1702,4728,42
1701,4728,41
5637,4728,5
4634,4728,0.2
1529,4728,0.11
15231,4728,0.09
15344,4728,0.08
15285,4728,0.06
15250,4728,0.06
1725,4728,0.06
15129,4728,0.06
3041,4728,0.05
3042,4728,0.05
3210,4728,0.05
15232,4728,0.05
5214,4728,0.05
3185,4728,0.04
3864,4728,0.04
15136,4728,0.04
14585,4728,0.04
14587,4728,0.04
15354,4728,0.04
15242,4728,0.04
1705,4728,0.04
14189,4728,0.04
14193,4728,0.04
14403,4728,0.04
14397,4728,0.04
15530,4728,0.04
14757,4728,0.04
14758,4728,0.04
15549,4728,0.04
14197,4728,0.04
14205,4728,0.04
14209,4728,0.04
14183,4728,0.04
15534,4728,0.04
5003,4728,0.03
14579,4728,0.03
865,4728,0.03
4299,4728,0.03
15559,4728,0.03
14399,4728,0.03
15524,4728,0.03
12974,4728,0.03
14198,4728,0.03
14196,4728,0.03
14178,4728,0.03
15543,4728,0.03
5007,4728,0.02
6246,4673,21
6247,4673,21
6989,4673,6
4306,4673,50
3771,4673,8
2592,4673,6
1708,4673,4
1710,4673,3
4338,4673,1.4
3385,4673,1.2
2289,4673,0.9
4634,4673,0.2
1529,4673,0.15
14583,4673,0.1
15285,4673,0.08
15250,4673,0.08
4614,4673,0.08
15552,4673,0.08
5214,4673,0.08
3042,4673,0.07
14206,4673,0.07
15346,4673,0.05
15555,4673,0.05
15129,4673,0.05
15542,4673,0.05
15131,4673,0.04
15137,4673,0.04
14587,4673,0.04
15232,4673,0.04
15570,4673,0.04
15556,4673,0.04
15530,4673,0.04
14196,4673,0.04
14211,4673,0.04
14209,4673,0.04
3037,4673,0.04
3041,4673,0.03
3185,4673,0.03
14759,4673,0.03
14221,4673,0.03
15147,4673,0.03
15355,4673,0.03
2080,4673,0.03
15571,4673,0.03
15344,4673,0.03
7084,4673,0.03
14193,4673,0.03
14401,4673,0.03
13079,4673,0.03
15976,4673,0.03
6246,4672,19
6247,4672,19
6989,4672,6
4306,4672,51
3771,4672,8
2592,4672,7
1708,4672,4
1710,4672,3
4338,4672,1.5
3385,4672,1.2
4634,4672,0.16
15345,4672,0.1
865,4672,0.09
15231,4672,0.08
5214,4672,0.08
14579,4672,0.07
15232,4672,0.07
1529,4672,0.07
14403,4672,0.07
15534,4672,0.07
15285,4672,0.05
3042,4672,0.05
15354,4672,0.05
1705,4672,0.05
4299,4672,0.05
15550,4672,0.05
14205,4672,0.05
3041,4672,0.04
3210,4672,0.04
3864,4672,0.04
4614,4672,0.04
14192,4672,0.04
14399,4672,0.04
15128,4672,0.04
15225,4672,0.04
14751,4672,0.04
15553,4672,0.04
14199,4672,0.04
3186,4672,0.04
14206,4672,0.04
3185,4672,0.03
5007,4672,0.03
5003,4672,0.03
14587,4672,0.03
14763,4672,0.03
14764,4672,0.03
11164,4672,0.03
15147,4672,0.03
15250,4672,0.03
12029,4672,0.03
6246,4675,21
6247,4675,21
6989,4675,6
4306,4675,50
3771,4675,8
2592,4675,7
1708,4675,4
1710,4675,3
4338,4675,1.8
3385,4675,1.1
14221,4675,0.2
4634,4675,0.2
5214,4675,0.12
3042,4675,0.09
14587,4675,0.09
14189,4675,0.09
14585,4675,0.08
14763,4675,0.08
15143,4675,0.08
1529,4675,0.08
3197,4675,0.08
15133,4675,0.07
15250,4675,0.07
15555,4675,0.07
14210,4675,0.07
15285,4675,0.05
12019,4675,0.05
2080,4675,0.05
14403,4675,0.05
14404,4675,0.05
14209,4675,0.05
3037,4675,0.05
15542,4675,0.05
15147,4675,0.04
4614,4675,0.04
15975,4675,0.04
14397,4675,0.04
14214,4675,0.04
15139,4675,0.03
14608,4675,0.03
14583,4675,0.03
14759,4675,0.03
3020,4675,0.03
15286,4675,0.03
15339,4675,0.03
15346,4675,0.03
14192,4675,0.03
5213,4675,0.03
15225,4675,0.03
15579,4675,0.03
6246,4670,19
6247,4670,19
6989,4670,6
4306,4670,52
3771,4670,8
2592,4670,7
1708,4670,4
1710,4670,3
3385,4670,1.5
4338,4670,1.5
4634,4670,0.2
1529,4670,0.14
865,4670,0.12
4614,4670,0.09
3041,4670,0.08
15285,4670,0.08
14403,4670,0.06
15231,4670,0.06
15544,4670,0.06
3210,4670,0.05
15131,4670,0.05
1705,4670,0.05
15892,4670,0.05
14178,4670,0.05
2912,4670,0.04
15139,4670,0.04
14759,4670,0.04
15242,4670,0.04
15344,4670,0.04
15556,4670,0.04
14399,4670,0.04
15129,4670,0.04
15533,4670,0.04
15531,4670,0.04
15524,4670,0.04
14751,4670,0.04
14197,4670,0.04
14201,4670,0.04
15973,4670,0.04
16883,4670,0.04
12019,4670,0.03
3864,4670,0.03
15136,4670,0.03
14579,4670,0.03
14608,4670,0.03
14587,4670,0.03
14763,4670,0.03
15143,4670,0.03
15147,4670,0.03
15250,4670,0.03
6246,4674,23
6247,4674,23
6441,4674,11
6989,4674,5
4306,4674,46
3771,4674,7
2592,4674,6
1708,4674,3
1710,4674,2
4338,4674,1.8
3385,4674,1
3864,4674,0.2
4634,4674,0.17
1529,4674,0.14
14585,4674,0.12
15250,4674,0.09
5214,4674,0.09
15285,4674,0.06
15140,4674,0.06
14587,4674,0.06
15232,4674,0.06
2912,4674,0.05
14581,4674,0.05
14189,4674,0.05
15225,4674,0.05
15147,4674,0.04
15554,4674,0.04
15975,4674,0.04
15892,4674,0.04
3197,4674,0.04
15544,4674,0.04
14199,4674,0.04
14201,4674,0.04
15542,4674,0.04
3042,4674,0.03
15139,4674,0.03
14763,4674,0.03
11165,4674,0.03
12029,4674,0.03
15568,4674,0.03
15556,4674,0.03
3830,4674,0.03
14404,4674,0.03
15231,4674,0.03
14414,4674,0.03
14409,4674,0.03
14196,4674,0.03
14206,4674,0.03
14211,4674,0.03
3185,4674,0.02
6246,4671,28
6247,4671,27
6989,4671,6
4306,4671,47
3771,4671,7
2592,4671,6
1708,4671,3
1710,4671,1.9
4338,4671,1.8
3385,4671,1.2
3864,4671,0.12
4634,4671,0.11
1529,4671,0.11
15530,4671,0.09
15285,4671,0.07
15250,4671,0.07
4614,4671,0.07
14399,4671,0.07
14585,4671,0.06
865,4671,0.06
15345,4671,0.06
14193,4671,0.06
15548,4671,0.06
14178,4671,0.06
1705,4671,0.05
15555,4671,0.05
14189,4671,0.05
14397,4671,0.05
15128,4671,0.05
14758,4671,0.05
15553,4671,0.05
14209,4671,0.05
3042,4671,0.04
15136,4671,0.04
15147,4671,0.04
15242,4671,0.04
15341,4671,0.04
15556,4671,0.04
14403,4671,0.04
15533,4671,0.04
15231,4671,0.04
15545,4671,0.04
14210,4671,0.04
5214,4671,0.04
15538,4671,0.04
3041,4671,0.02
3185,4671,0.02
5007,4671,0.02
11996,4671,0.02
12019,4671,0.02
1701,14227,32
1702,14227,25
9851,14227,9
7462,14227,7
5637,14227,7
7443,14227,7
7445,14227,7
9844,14227,5
9886,14227,5
7454,14227,5
7457,14227,4
9870,14227,4
9871,14227,4
7446,14227,4
7448,14227,4
9859,14227,1.8
9863,14227,1.8
9862,14227,1.8
7493,14227,1.8
9891,14227,1.8
9901,14227,1.8
7458,14227,1.8
7461,14227,1.8
7455,14227,1.8
9864,14227,1.8
9866,14227,1.8
9872,14227,1.8
7444,14227,1.8
9877,14227,1.8
9875,14227,1.8
9876,14227,1.8
7438,14227,1.8
7434,14227,1.8
7432,14227,1.8
7433,14227,1.8
11386,14227,18
4093,14227,11
1702,4729,39
1701,4729,35
5637,4729,7
8146,4729,2
4634,4729,0.18
1725,4729,0.12
15213,4729,0.12
3185,4729,0.09
15243,4729,0.09
15355,4729,0.09
864,4729,0.09
15286,4729,0.09
15557,4729,0.09
12020,4729,0.09
14229,4729,0.06
14218,4729,0.06
15142,4729,0.06
15150,4729,0.06
14593,4729,0.06
14588,4729,0.06
1529,4729,0.06
2565,4729,0.06
5213,4729,0.06
15577,4729,0.06
3197,4729,0.06
4636,4729,0.06
15550,4729,0.06
15976,4729,0.06
14203,4729,0.06
15364,4729,0.06
14212,4729,0.06
3037,4729,0.06
7909,4729,0.03
15130,4729,0.03
14584,4729,0.03
14759,4729,0.03
11167,4729,0.03
11165,4729,0.03
14221,4729,0.03
14217,4729,0.03
14223,4729,0.03
15149,4729,0.03
15151,4729,0.03
15226,4729,0.03
863,4729,0.03
15352,4729,0.03
15353,4729,0.03
15358,4729,0.03
1705,4729,0.03
15566,4729,0.03
873,5771,0.3
4306,5771,71
3771,5771,11
4338,5771,8
1708,5771,4
1710,5771,3
3385,5771,2
14224,5771,1.8
7909,5771,0.6
4424,5771,0.6
3864,5771,0.3
12011,5771,0.3
15146,5771,0.3
14255,5771,0.3
866,5771,0.3
15155,5771,0.3
14897,5771,0.3
14896,5771,0.3
15578,5771,0.3
15595,5771,0.3
13038,5771,0.3
15367,5771,0.3
16883,5771,0.3
3793,5771,0.9
3783,5771,0.9
3797,5771,0.6
3782,5771,0.6
3786,5771,0.6
3778,5771,0.6
3781,5771,0.3
8748,5771,0.3
3812,5771,0.3
3811,5771,0.3
3800,5771,0.3
3795,5771,0.3
3799,5771,0.3
3785,5771,0.3
3787,5771,0.3
6252,14226,57
4306,14226,30
9892,14226,3
9900,14226,3
1708,14226,3
7492,14226,1.7
7474,14226,1.7
9878,14226,1.7
7429,14226,1.7
9885,14226,1.3
6066,5600,88
6067,5600,4
4306,5600,24
3771,5600,6
2592,5600,4
1708,5600,1.4
1710,5600,0.8
3385,5600,0.6
4338,5600,0.6
4634,5600,0.19
14584,5600,0.13
14767,5600,0.13
15148,5600,0.13
1725,5600,0.13
3197,5600,0.13
3185,5600,0.06
3020,5600,0.06
15144,5600,0.06
14588,5600,0.06
2080,5600,0.06
864,5600,0.06
15286,5600,0.06
15561,5600,0.06
14203,5600,0.06
3037,5600,0.06
3803,5600,0.3
3779,5600,0.3
3782,5600,0.3
3778,5600,0.3
3792,5600,0.19
3785,5600,0.19
3780,5600,0.19
3812,5600,0.13
8747,5600,0.13
3807,5600,0.13
3816,5600,0.13
3817,5600,0.13
3786,5600,0.13
3787,5600,0.13
3808,5600,0.06
3809,5600,0.06
3810,5600,0.06
8748,5600,0.06
3813,5600,0.06
3815,5600,0.06
3811,5600,0.06
3802,5600,0.06
3804,5600,0.06
3794,5600,0.06
3795,5600,0.06
6077,5402,78
4306,5402,47
4338,5402,6
3771,5402,3
1708,5402,1.4
6072,5601,70
6067,5601,8
4306,5601,35
3771,5601,6
4338,5601,5
1708,5601,3
1710,5601,2
3385,5601,1.2
15565,5601,0.4
14589,5601,0.3
14594,5601,0.19
2951,5601,0.19
14240,5601,0.09
14236,5601,0.09
14767,5601,0.09
14218,5601,0.09
15145,5601,0.09
15150,5601,0.09
15352,5601,0.09
12030,5601,0.09
864,5601,0.09
1207,5601,0.09
3868,5601,0.09
15233,5601,0.09
4421,5601,0.09
4424,5601,0.09
15575,5601,0.09
15590,5601,0.09
15552,5601,0.09
15361,5601,0.09
3778,5601,0.6
3780,5601,0.3
3781,5601,0.19
3804,5601,0.19
3792,5601,0.19
3796,5601,0.19
3797,5601,0.19
3799,5601,0.19
3782,5601,0.19
3783,5601,0.19
3817,5601,0.19
3813,5601,0.09
3815,5601,0.09
3807,5601,0.09
3779,5601,0.09
3793,5601,0.09
3794,5601,0.09
8746,5601,0.09
3798,5601,0.09
3785,5601,0.09
6067,4636,27
6079,4636,13
4306,4636,50
3771,4636,8
2592,4636,7
1708,4636,4
1710,4636,2
4338,4636,1.9
3385,4636,1.3
4634,4636,0.18
14401,4636,0.15
14205,4636,0.1
14178,4636,0.1
15225,4636,0.08
5214,4636,0.08
1990,4636,0.07
15137,4636,0.07
1529,4636,0.07
14404,4636,0.07
15549,4636,0.07
15542,4636,0.07
3042,4636,0.05
15131,4636,0.05
14587,4636,0.05
15148,4636,0.05
15250,4636,0.05
14399,4636,0.05
14751,4636,0.05
14408,4636,0.05
3197,4636,0.05
12009,4636,0.05
15536,4636,0.05
3185,4636,0.03
15285,4636,0.03
3864,4636,0.03
15130,4636,0.03
15243,4636,0.03
14763,4636,0.03
15143,4636,0.03
15147,4636,0.03
2080,4636,0.03
1725,4636,0.03
15568,4636,0.03
7090,4636,0.03
3874,4636,0.03
14405,4636,0.03
14398,4636,0.03
5213,4636,0.03
14757,4636,0.03
14753,4636,0.03
6067,4637,28
6079,4637,14
4306,4637,50
3771,4637,8
2592,4637,7
1708,4637,4
1710,4637,3
4338,4637,1.6
3385,4637,1.3
4634,4637,0.2
5214,4637,0.15
1705,4637,0.12
1529,4637,0.1
15131,4637,0.09
15250,4637,0.09
3185,4637,0.07
15285,4637,0.07
3042,4637,0.07
15346,4637,0.07
15548,4637,0.07
14196,4637,0.07
3037,4637,0.07
15133,4637,0.05
15139,4637,0.05
14583,4637,0.05
15232,4637,0.05
15349,4637,0.05
1725,4637,0.05
15286,4637,0.05
15556,4637,0.05
14189,4637,0.05
14397,4637,0.05
15962,4637,0.05
14751,4637,0.05
14205,4637,0.05
14209,4637,0.05
14585,4637,0.03
14587,4637,0.03
14759,4637,0.03
14219,4637,0.03
14590,4637,0.03
14593,4637,0.03
2080,4637,0.03
865,4637,0.03
15571,4637,0.03
5974,4637,0.03
13087,4637,0.03
15530,4637,0.03
14201,4637,0.03
14210,4637,0.03
6067,4633,28
6079,4633,12
4306,4633,50
3771,4633,8
2592,4633,8
1708,4633,4
1710,4633,2
4338,4633,1.8
3385,4633,1.2
4634,4633,0.17
4633,4633,0.12
15538,4633,0.12
3042,4633,0.11
15242,4633,0.11
15123,4633,0.11
15351,4633,0.09
1529,4633,0.09
1705,4633,0.09
14191,4633,0.09
15231,4633,0.09
15135,4633,0.08
865,4633,0.08
15341,4633,0.08
14193,4633,0.08
3186,4633,0.08
15534,4633,0.08
3041,4633,0.06
3612,4633,0.06
14403,4633,0.06
15129,4633,0.06
15531,4633,0.06
15518,4633,0.06
15545,4633,0.06
14183,4633,0.06
5003,4633,0.05
14579,4633,0.05
1725,4633,0.05
15343,4633,0.05
15344,4633,0.05
14195,4633,0.05
15127,4633,0.05
14756,4633,0.05
12047,4633,0.05
13094,4633,0.05
14198,4633,0.05
14209,4633,0.05
14180,4633,0.05
15973,4633,0.05
3210,4633,0.03
11984,4633,0.03
4553,4676,36
6990,4676,7
7912,4676,25
15978,4676,0.5
4636,4676,0.19
15356,4676,0.12
3864,4676,0.1
15243,4676,0.07
8188,4676,0.07
14217,4676,0.07
15570,4676,0.07
15557,4676,0.07
14418,4676,0.07
14226,4676,0.05
14218,4676,0.05
14221,4676,0.05
15150,4676,0.05
863,4676,0.05
14596,4676,0.05
14589,4676,0.05
15155,4676,0.05
14415,4676,0.05
15551,4676,0.05
14200,4676,0.05
15365,4676,0.05
11971,4676,0.02
1990,4676,0.02
14233,4676,0.02
13119,4676,0.02
14767,4676,0.02
14220,4676,0.02
15145,4676,0.02
15146,4676,0.02
15151,4676,0.02
15144,4676,0.02
14595,4676,0.02
15353,4676,0.02
1529,4676,0.02
864,4676,0.02
15286,4676,0.02
14251,4676,0.02
15571,4676,0.02
15213,4676,0.02
5009,4676,0.02
15562,4676,0.02
3869,4676,0.02
3830,4676,0.02
3831,4676,0.02
10604,4676,0.02
5213,4676,0.02
7973,6136,82
8959,6136,8
8766,6136,6
13446,6136,4
4425,6136,0.9
5758,6136,0.4
4426,6136,0.4
13126,6136,0.14
14304,6136,0.14
15663,6136,0.14
15647,6136,0.14
15425,6136,0.14
15294,6136,0.14
15275,6136,0.14
14856,6136,0.14
7909,6136,0.07
14295,6136,0.07
14296,6136,0.07
14803,6136,0.07
14299,6136,0.07
13008,6136,0.07
15254,6136,0.07
15634,6136,0.07
11208,6136,0.07
14967,6136,0.07
15661,6136,0.07
14915,6136,0.07
14916,6136,0.07
15394,6136,0.07
14922,6136,0.07
14929,6136,0.07
15656,6136,0.07
15694,6136,0.07
14283,6136,0.07
14494,6136,0.07
12683,6136,0.07
15180,6136,0.07
15295,6136,0.07
7910,6136,0.07
1721,6136,0.07
15217,6136,0.07
15280,6136,0.07
13821,6136,0.4
13822,6136,0.4
13817,6136,0.4
3946,6136,0.3
13819,6136,0.2
13820,6136,0.2
3998,6136,0.2
3947,6136,0.2
7973,6137,82
8959,6137,9
8766,6137,5
13446,6137,3
4425,6137,0.5
5758,6137,0.3
15187,6137,0.3
4426,6137,0.3
14304,6137,0.15
7909,6137,0.1
15229,6137,0.1
14305,6137,0.1
15324,6137,0.1
15254,6137,0.1
11978,6137,0.1
14492,6137,0.1
15427,6137,0.1
7910,6137,0.1
15275,6137,0.1
15217,6137,0.1
15985,6137,0.05
14311,6137,0.05
15237,6137,0.05
14968,6137,0.05
13022,6137,0.05
14958,6137,0.05
14962,6137,0.05
15662,6137,0.05
15646,6137,0.05
15391,6137,0.05
3914,6137,0.05
14924,6137,0.05
14929,6137,0.05
15653,6137,0.05
8390,6137,0.05
15737,6137,0.05
14466,6137,0.05
12689,6137,0.05
14671,6137,0.05
14674,6137,0.05
14789,6137,0.05
15295,6137,0.05
9298,6137,0.05
11990,6137,0.05
13144,6137,0.05
15228,6137,0.05
1607,6137,0.05
14844,6137,0.05
4500,6137,0.05
14855,6137,0.05
15415,6109,??
17962,6109,??
19130,6109,??
19132,6109,??
18208,6109,??
18202,6109,??
14336,6109,??
14981,6109,??
14975,6109,??
17070,6109,??
17964,6109,??
17963,6109,??
18545,6109,??
18704,6109,??
18541,6109,??
17969,6109,??
19131,6109,??
15439,6109,??
15438,6109,??
18542,6109,??
18547,6109,??
17965,6109,??
15289,6109,??
13126,6109,??
15229,6109,??
13009,6109,??
13120,6109,??
13133,6109,??
13123,6109,??
13013,6109,??
13125,6109,??
14330,6109,??
14331,6109,??
14337,6109,??
14977,6109,??
13113,6109,??
16215,6109,??
16218,6109,??
13077,6109,??
13002,6109,??
13007,6109,??
13107,6109,??
13006,6109,??
13073,6109,??
14467,6109,??
14497,6109,??
14470,6109,??
15731,6109,??
15765,6109,??
7976,6109,??
14047,6198,70
8953,6198,13
8766,6198,7
13446,6198,4
13443,6198,2
4426,6198,0.8
4425,6198,0.7
5758,6198,0.3
7909,6198,0.12
4500,6198,0.1
14861,6198,0.1
15631,6198,0.08
14662,6198,0.08
14290,6198,0.07
14296,6198,0.07
12044,6198,0.07
15253,6198,0.07
14450,6198,0.07
15395,6198,0.07
15236,6198,0.07
15216,6198,0.07
14444,6198,0.07
14313,6198,0.05
15279,6198,0.05
14281,6198,0.05
15183,6198,0.05
15622,6198,0.04
14920,6198,0.04
14666,6198,0.04
14668,6198,0.04
15381,6198,0.04
7910,6198,0.04
14851,6198,0.04
11989,6198,0.04
15217,6198,0.04
15280,6198,0.04
14267,6198,0.03
15274,6198,0.03
14275,6198,0.03
14957,6198,0.03
14447,6198,0.03
15644,6198,0.03
15388,6198,0.03
15393,6198,0.03
11732,6198,0.03
14922,6198,0.03
15175,6198,0.03
14673,6198,0.03
14795,6198,0.03
14797,6198,0.03
8952,6130,4
13446,6130,1.7
8766,6130,1.5
7973,8409,84
8766,8409,13
8959,8409,10
4426,8409,3
4425,8409,1.6
3975,8409,1.6
13822,8409,1.6
13817,8409,1.6
3948,8409,1.6
11405,6147,85
7912,6147,49
8150,6147,17
4552,6147,8
4554,6147,4
3712,6352,41
7973,6352,37
8959,6352,12
15275,6352,0.2
7909,6352,0.1
14803,6352,0.1
14304,6352,0.1
14300,6352,0.1
12035,6352,0.1
15425,6352,0.1
7993,6352,0.1
4555,6352,62
4556,6352,58
8952,6131,5
8766,6131,2
13446,6131,1.5
8170,6131,1
4338,6116,74
4608,6116,10
7972,6116,9
1645,6116,5
3928,6116,4
6149,6116,1.5
4422,6116,0.6
4419,6116,0.5
4426,6116,0.4
4425,6116,0.3
1994,6116,0.18
7909,6116,0.16
14428,6116,0.14
4637,6116,0.12
14787,6116,0.1
14843,6116,0.1
14944,6116,0.1
15270,6116,0.08
14257,6116,0.08
4638,6116,0.08
5216,6116,0.08
15602,6116,0.06
14911,6116,0.06
15287,6116,0.06
15215,6116,0.06
14276,6116,0.06
14783,6116,0.06
15378,6116,0.06
15386,6116,0.06
14431,6116,0.06
15601,6116,0.04
8199,6116,0.04
14259,6116,0.04
14260,6116,0.04
14258,6116,0.04
13055,6116,0.04
3864,6116,0.04
14244,6116,0.04
7552,6116,0.04
14272,6116,0.04
15624,6116,0.04
15628,6116,0.04
14914,6116,0.04
14784,6116,0.04
14252,6116,0.04
12012,6116,0.04
8387,6116,0.04
14470,6116,0.04
15172,6116,0.04
1613,6116,0.04
4338,6117,75
4608,6117,10
7972,6117,9
1645,6117,5
3928,6117,3
4425,6117,0.7
4422,6117,0.5
4638,6117,0.4
4419,6117,0.4
4426,6117,0.3
14466,6117,0.12
7909,6117,0.1
3914,6117,0.1
14951,6117,0.08
15270,6117,0.08
15173,6117,0.08
15252,6117,0.08
14784,6117,0.06
10315,6117,0.06
7910,6117,0.06
14939,6117,0.06
15604,6117,0.04
14264,6117,0.04
1994,6117,0.04
15632,6117,0.04
14272,6117,0.04
14921,6117,0.04
14779,6117,0.04
10604,6117,0.04
1608,6117,0.04
1720,6117,0.04
14439,6117,0.04
14443,6117,0.04
15373,6117,0.04
11974,6117,0.02
7553,6117,0.02
14950,6117,0.02
14956,6117,0.02
14259,6117,0.02
14258,6117,0.02
14266,6117,0.02
14907,6117,0.02
3208,6117,0.02
4088,6117,0.02
871,6117,0.02
9433,6117,0.02
14276,6117,0.02
14271,6117,0.02
14270,6117,0.02
14268,6117,0.02
18624,6200,0.3
16885,6200,0.01
14047,6200,60
12662,6200,11
8952,6200,11
14256,6200,10
8766,6200,6
13446,6200,3
13443,6200,1.7
4425,6200,0.7
4426,6200,0.6
10306,6200,0.5
10305,6200,0.4
5758,6200,0.3
7909,6200,0.12
7910,6200,0.09
15279,6200,0.08
14673,6200,0.07
15274,6200,0.06
15622,6200,0.06
14290,6200,0.05
15291,6200,0.05
14960,6200,0.05
14450,6200,0.05
15216,6200,0.05
4500,6200,0.05
14289,6200,0.04
15253,6200,0.04
14447,6200,0.04
14451,6200,0.04
14920,6200,0.04
14444,6200,0.04
14296,6200,0.03
14300,6200,0.03
14274,6200,0.03
14275,6200,0.03
15983,6200,0.03
14448,6200,0.03
14454,6200,0.03
14919,6200,0.03
14662,6200,0.03
11737,6200,0.03
14927,6200,0.03
14922,6200,0.03
15236,6200,0.03
15170,6200,0.03
15182,6200,0.03
14850,6200,0.03
15275,6200,0.03
14801,6200,0.02
14473,7864,2
14477,7864,1.9
4338,7864,74
7972,7864,10
4608,7864,9
1645,7864,5
3928,7864,4
4425,7864,0.6
4419,7864,0.6
4422,7864,0.6
4426,7864,0.4
14264,7864,0.3
4638,7864,0.3
15216,7864,0.3
14273,7864,0.19
15636,7864,0.13
14660,7864,0.13
14292,7864,0.06
14290,7864,0.06
14908,7864,0.06
3208,7864,0.06
15638,7864,0.06
11225,7864,0.06
14277,7864,0.06
14454,7864,0.06
14786,7864,0.06
15652,7864,0.06
10320,7864,0.06
8385,7864,0.06
15323,7864,0.06
12684,7864,0.06
15174,7864,0.06
15182,7864,0.06
14791,7864,0.06
9295,7864,0.06
4089,7864,0.06
15263,7864,0.06
14851,7864,0.06
1685,7864,0.06
14442,7864,0.06
14434,7864,0.06
4023,7864,0.5
4017,7864,0.5
3966,7864,0.5
4018,7864,0.4
3941,7864,0.3
3943,7864,0.3
4019,7864,0.3
4000,7864,0.3
4026,7864,0.3
7971,6134,2
5500,6134,1.1
7974,6134,97
3821,6134,1.1
5498,6134,1.1
14047,6647,12
10242,6647,2
10239,6647,1.4
10083,6647,1.4
10084,6647,1.4
13446,6647,1.4
10176,6647,1.4
10203,6647,1.4
10134,6647,1.4
10068,6647,1.4
