npc_id,zone_id
12056,2717
12057,2717
12259,2717
11988,2717
12118,2717
11982,2717
12018,2717
11502,2717
12264,2717
12098,2717
11673,2717
11671,2717
11672,2717
11859,2717
14337,2717
11668,2717
12099,2717
11666,2717
11669,2717
11667,2717
11661,2717
11664,2717
11663,2717
11662,2717
12119,2717
11665,2717
12076,2717
12100,2717
12265,2717
12101,2717
11659,2717
11658,2717
12143,2717
13718,405
11105,405
14229,405
4700,405
11785,405
11786,405
11781,405
11782,405
4702,405
11863,405
6706,405
11438,405
4688,405
1182,405
4665,405
4663,405
4666,405
4705,405
13836,405
4664,405
13019,405
4667,405
4668,405
5396,405
13837,405
4695,405
13717,405
12960,405
11625,405
5752,405
11688,405
5644,405
4686,405
4687,405
11937,405
11876,405
4677,405
4680,405
4693,405
4694,405
4692,405
12340,405
11562,405
11563,405
4701,405
4727,405
12347,405
5395,405
4651,405
4653,405
4652,405
4646,405
4661,405
4647,405
4648,405
4649,405
8154,405
11687,405
11686,405
14228,405
11564,405
4728,405
5412,405
12045,405
8152,405
4673,405
4672,405
4675,405
4670,405
4674,405
4671,405
14227,405
6019,405
4729,405
11103,405
11106,405
8150,405
11317,405
5771,405
14226,405
13698,405
5600,405
5402,405
5601,405
5602,405
9636,405
11521,405
10988,405
12977,405
4636,405
4632,405
4637,405
4634,405
4633,405
12976,405
4635,405
5638,405
12028,405
4676,405
4685,405
8576,16
8378,16
8608,16
6648,16
8379,16
6135,16
6136,16
6138,16
6137,16
11276,16
6109,16
12957,16
8581,16
6199,16
6198,16
193,16
6130,16
14301,16
8380,16
8409,16
6146,16
6147,16
6148,16
11708,16
6352,16
6369,16
11859,16
6129,16
6131,16
13278,16
9527,16
8766,16
6651,16
6650,16
6349,16
10361,16
8586,16
6127,16
6125,16
6126,16
6140,16
6116,16
6117,16
8386,16
13322,16
12922,16
12577,16
8587,16
11707,16
8678,16
8420,16
8610,16
3621,16
6649,16
6202,16
6201,16
6200,16
8381,16
7864,16
11548,16
7783,16
6134,16
6647,16
8578,16
6350,16
6370,16
6372,16
12125,16
6652,16
8764,16
8763,16
6646,16
8761,16
8759,16
8760,16
8399,16
8405,16
8382,16
7866,16
8392,16
16479,16
11705,16
8756,16
8395,16
13896,16
8397,16
6143,16
8757,16
6144,16
6491,16
15481,16
7885,16
7886,16
6196,16
12204,16
6193,16
6194,16
6195,16
6190,16
12205,16
12225,2100
12203,2100
12236,2100
12237,2100
13282,2100
12201,2100
12258,2100
13596,2100
13601,2100
12219,2100
12223,2100
12224,2100
13716,2100
11793,2100
12220,2100
13743,2100
12217,2100
12222,2100
11789,2100
13141,2100
13142,2100
11859,2100
13321,2100
12221,2100
13456,2100
13696,2100
12216,2100
12206,2100
11790,2100
11792,2100
11791,2100
6145,2100
11794,2100
2914,2100
13533,2100
12242,2100
12243,2100
13599,2100
13323,2100
11784,2100
11783,2100
12207,2100
12218,2100
12238,2100
9623,490
11702,490
9376,490
6510,490
6509,490
9157,490
6511,490
6512,490
10290,490
9477,490
6582,490
9274,490
6498,490
9163,490
11859,490
9164,490
9165,490
9167,490
3000,490
5419,490
6559,490
9496,490
9498,490
10040,490
10041,490
6553,490
6554,490
6555,490
6551,490
6552,490
6583,490
10583,490
9271,490
6499,490
9117,490
9618,490
6584,490
10302,490
9684,490
9683,490
9118,490
8737,490
6521,490
11701,490
6556,490
9119,490
12959,490
11884,490
9600,490
9273,490
6502,490
14528,490
6557,490
9166,490
10977,490
6505,490
6507,490
6581,490
6506,490
9999,490
6520,490
9998,490
14527,490
9272,490
6503,490
6491,490
9997,490
6501,490
6560,490
6517,490
6527,490
6519,490
6518,490
6504,490
9619,490
6500,490
9622,490
6585,490
6514,490
6513,490
6516,490
6508,490
9270,490
9162,490
10811,2017
10813,2017
10436,2017
11121,2017
10997,2017
11120,2017
11058,2017
10558,2017
10435,2017
10438,2017
11032,2017
10437,2017
11143,2017
10439,2017
10393,2017
10809,2017
11082,2017
10516,2017
10808,2017
10917,2017
10440,2017
10697,2017
10416,2017
10394,2017
10383,2017
10425,2017
10419,2017
10421,2017
10424,2017
10418,2017
10420,2017
10426,2017
11043,2017
10423,2017
11054,2017
10422,2017
10413,2017
10412,2017
11859,2017
10411,2017
10407,2017
10385,2017
10406,2017
10812,2017
416,2017
10382,2017
11197,2017
11030,2017
10414,2017
10405,2017
10461,2017
10536,2017
10441,2017
10200,2017
10381,2017
11122,2017
10408,2017
10409,2017
10463,2017
10391,2017
10390,2017
8477,2017
10384,2017
10388,2017
10955,2017
10399,2017
10400,2017
10398,2017
11142,2017
10876,2017
10387,2017
10417,2017
10464,2017
10389,2017
7524,618
5198,618
14531,618
9857,618
10202,618
11119,618
7454,618
11183,618
16416,618
10807,618
11696,618
7448,618
7449,618
10660,618
7437,618
7436,618
10659,618
7435,618
7452,618
9298,618
11859,618
14348,618
7445,618
9527,618
9297,618
11190,618
11188,618
10468,618
7447,618
7428,618
7429,618
7431,618
7430,618
7433,618
7434,618
7432,618
10196,618
10619,618
11753,618
10431,618
10199,618
11808,618
12140,618
10929,618
11755,618
7461,618
7462,618
7463,618
10738,618
11187,618
7459,618
7460,618
7458,618
89,618
11118,618
13917,618
11546,618
10301,618
11629,618
10198,618
11192,618
10201,618
10978,618
11191,618
10918,618
11186,618
2303,618
11138,618
10637,618
10663,618
11754,618
10197,618
7453,618
2084,618
11182,618
11189,618
7446,618
7450,618
7451,618
10200,618
10300,618
10684,618
12150,618
4779,618
11751,618
10618,618
7457,618
11556,618
11718,618
10664,618
11193,618
7444,618
7443,618
10737,618
10741,618
10661,618
10662,618
6491,618
10303,618
7523,618
11492,2557
14325,2557
14324,2557
14308,2557
14321,2557
14326,2557
14323,2557
13280,2557
11488,2557
11496,2557
11501,2557
14327,2557
14506,2557
11487,2557
14349,2557
11486,2557
14354,2557
14322,2557
11489,2557
11467,2557
11490,2557
11460,2557
14566,2557
11480,2557
14400,2557
14399,2557
14370,2557
13160,2557
13285,2557
883,2557
11859,2557
14385,2557
14483,2557
14504,2557
11471,2557
14398,2557
11475,2557
11469,2557
11470,2557
11473,2557
11472,2557
14396,2557
16032,2557
13197,2557
13321,2557
11441,2557
14351,2557
11445,2557
11444,2557
13036,2557
11450,2557
11446,2557
11448,2557
11466,2557
14350,2557
11459,2557
14500,2557
14338,2557
14381,2557
14383,2557
14368,2557
14382,2557
14397,2557
11483,2557
14122,2557
14353,2557
14389,2557
11491,2557
14303,2557
11458,2557
13196,2557
721,2557
4075,2557
11484,2557
4076,2557
11477,2557
14358,2557
14371,2557
14364,2557
14361,2557
14369,2557
11476,2557
2914,2557
1412,2557
14386,2557
13021,2557
11461,2557
11465,2557
11464,2557
11462,2557
13022,2557
11454,2557
11455,2557
11457,2557
13276,2557
11452,2557
11451,2557
11456,2557
11453,2557
14502,2557
15174,1377
15184,1377
15610,1377
15611,1377
15609,1377
15177,1377
15181,1377
14761,1377
11745,1377
15196,1377
11747,1377
11746,1377
11859,1377
11741,1377
11740,1377
11744,1377
9527,1377
15171,1377
15172,1377
14472,1377
14477,1377
15194,1377
14347,1377
13301,1377
11722,1377
13136,1377
11723,1377
11698,1377
11724,1377
11721,1377
11730,1377
11731,1377
11734,1377
11733,1377
11732,1377
11729,1377
11728,1377
11726,1377
11727,1377
11725,1377
14478,1377
11805,1377
15175,1377
14476,1377
14473,1377
13220,1377
14536,1377
15169,1377
14475,1377
11739,1377
15178,1377
15170,1377
11738,1377
14471,1377
12199,1377
6491,1377
15722,1377
11737,1377
11736,1377
11735,1377
12178,1377
12179,1377
11880,1377
15201,1377
11881,1377
11883,1377
15213,1377
11882,1377
15182,1377
15202,1377
12956,1377
14474,1377
7206,1337
2748,1337
6906,1337
6907,1337
7291,1337
4854,1337
7228,1337
7023,1337
6908,1337
6910,1337
4857,1337
11073,1337
7078,1337
7405,1337
7309,1337
7076,1337
7077,1337
7011,1337
7012,1337
7396,1337
7397,1337
3560,1337
4863,1337
7172,1337
7209,1337
6912,1337
7091,1337
4849,1337
4848,1337
7030,1337
4847,1337
7290,1337
4861,1337
4860,1337
7175,1337
4855,1337
4850,1337
7321,1337
4853,1337
7320,1337
4852,1337
4851,1337
10120,1337
7022,1337
9660,47
5598,47
11812,47
11859,47
7778,47
11097,47
12496,47
14757,47
4469,47
5635,47
7884,47
7977,47
12958,47
7801,47
4314,47
12124,47
2655,47
8215,47
5636,47
8018,47
8161,47
2693,47
2691,47
2694,47
2692,47
10802,47
7806,47
11810,47
14741,47
7744,47
8213,47
2656,47
4468,47
8214,47
14740,47
11813,47
10061,47
14731,47
2923,47
7808,47
8217,47
8636,47
14739,47
8160,47
8211,47
14738,47
14736,47
2928,47
7996,47
2658,47
2659,47
8210,47
17598,47
8216,47
14734,47
14730,47
5634,47
8885,47
7780,47
5718,47
2688,47
2505,47
2929,47
2707,47
8023,47
8024,47
8025,47
2925,47
2926,47
2924,47
14737,47
8276,47
6491,47
8212,47
2657,47
4782,47
12477,47
12478,47
12479,47
2927,47
7995,47
2648,47
7809,47
2639,47
2643,47
2646,47
2641,47
2644,47
14748,47
2681,47
4466,47
2645,47
2642,47
4467,47
2647,47
4465,47
2640,47
2680,47
7865,47
7768,47
4275,209
3887,209
4278,209
3872,209
4274,209
4279,209
3886,209
3914,209
3927,209
4627,209
2110,209
3861,209
3868,209
3849,209
4444,209
3864,209
3875,209
4958,209
5097,209
3863,209
3865,209
3855,209
3857,209
3853,209
3859,209
3851,209
3854,209
3862,209
2529,209
3850,209
3873,209
3866,209
3877,209
5058,209
3977,796
6426,796
6487,796
6490,796
4543,796
11859,796
6488,796
575,796
6427,796
3975,796
4542,796
3974,796
6493,796
3983,796
6489,796
721,796
4075,796
4303,796
4296,796
4288,796
4301,796
4302,796
4299,796
3976,796
4297,796
4298,796
4291,796
4289,796
4287,796
4290,796
4540,796
4295,796
4292,796
4293,796
4283,796
4286,796
4294,796
4306,796
4304,796
6575,796
4300,796
6547,796
4308,796
3981,796
9596,1583
10263,1583
10376,1583
9718,1583
10268,1583
10220,1583
9196,1583
10596,1583
9568,1583
9736,1583
9236,1583
9218,1583
9219,1583
9217,1583
10584,1583
9237,1583
10740,1583
10257,1583
2110,1583
10318,1583
10742,1583
9817,1583
10317,1583
10316,1583
10319,1583
9818,1583
10762,1583
9819,1583
9693,1583
9692,1583
9717,1583
9583,1583
9716,1583
9696,1583
10221,1583
10261,1583
9708,1583
10447,1583
10814,1583
10442,1583
11859,1583
10776,1583
9261,1583
9263,1583
9259,1583
9262,1583
9260,1583
9264,1583
10363,1583
10899,1583
10339,1583
10509,1583
10162,1583
9816,1583
10371,1583
10366,1583
9096,1583
10372,1583
10083,1583
4076,1583
10258,1583
10683,1583
10161,1583
9045,1583
10299,1583
9097,1583
9258,1583
9098,1583
9257,1583
9416,1583
9267,1583
9268,1583
9241,1583
9239,1583
9269,1583
9265,1583
9240,1583
9266,1583
10264,1583
10177,1583
9701,1583
10374,1583
10375,1583
9197,1583
9199,1583
9198,1583
9201,1583
9200,1583
9216,1583
10680,1583
10681,1583
10218,1583
10430,1583
10601,1583
10602,1583
10340,1583
10429,1583
10799,1583
8443,1477
5721,1477
5722,1477
5710,1477
5719,1477
5711,1477
5709,1477
5720,1477
5270,1477
5271,1477
8317,1477
5273,1477
8324,1477
8318,1477
5256,1477
5259,1477
8580,1477
8384,1477
11859,1477
5713,1477
8438,1477
5291,1477
8437,1477
8336,1477
5715,1477
8658,1477
8657,1477
8656,1477
5714,1477
5717,1477
5226,1477
5277,1477
8497,1477
5283,1477
8319,1477
5280,1477
8257,1477
5228,1477
8440,1477
8311,1477
2914,1477
5708,1477
5267,1477
5712,1477
5716,1477
5594,440
11758,440
7883,440
9453,440
8661,440
7823,440
5426,440
8131,440
7824,440
8736,440
7847,440
5460,440
5456,440
5457,440
5459,440
5455,440
5458,440
7407,440
8197,440
5466,440
7763,440
8202,440
5467,440
14567,440
8125,440
5469,440
5474,440
5472,440
5471,440
5473,440
5475,440
12475,440
9526,440
9297,440
5429,440
9460,440
9299,440
8137,440
7799,440
5419,440
5420,440
5421,440
5490,440
12046,440
8207,440
9396,440
8667,440
8205,440
15165,440
7769,440
5454,440
5450,440
5451,440
5453,440
5441,440
5452,440
7784,440
7733,440
8139,440
5319,440
14743,440
8200,440
8203,440
5411,440
5465,440
9985,440
9397,440
7564,440
7771,440
15526,440
8208,440
16014,440
11811,440
8126,440
15520,440
8196,440
8201,440
8128,440
5389,440
10460,440
8124,440
11756,440
5427,440
5470,440
8883,440
8881,440
8885,440
8882,440
5774,440
5428,440
16417,440
5646,440
5647,440
5645,440
7803,440
5424,440
5422,440
5423,440
5430,440
7882,440
14340,361
10379,361
8956,361
8957,361
8958,361
9528,361
9598,361
2806,361
11180,361
11900,361
11016,361
9462,361
7086,361
7157,361
7156,361
7154,361
7155,361
7158,361
7153,361
14339,361
11024,361
7104,361
11859,361
9620,361
659,361
9527,361
9878,361
9879,361
9116,361
8961,361
8960,361
8959,361
9465,361
11555,361
11554,361
10922,361
14526,361
7137,361
12922,361
14470,361
89,361
7135,361
7136,361
7099,361
7097,361
7098,361
7139,361
7138,361
10924,361
7108,361
7109,361
7111,361
7106,361
7105,361
7110,361
7107,361
7115,361
7112,361
7118,361
7114,361
7113,361
7125,361
7126,361
9862,361
7120,361
11019,361
5501,361
10920,361
11558,361
14467,361
9516,361
2803,361
9529,361
11557,361
12578,361
14344,361
9861,361
15315,361
15395,361
543,361
14469,361
14343,361
9464,361
9877,361
14342,361
9518,361
11020,361
9860,361
9517,361
11181,361
6491,361
11141,361
14525,361
10017,361
7092,361
10016,361
10921,361
10923,361
14345,361
11552,361
8127,1176
7267,1176
10081,1176
7273,1176
7795,1176
7796,1176
7797,1176
10080,1176
7274,1176
7275,1176
7272,1176
7271,1176
10082,1176
7527,1176
8179,1176
7608,1176
7606,1176
7605,1176
8876,1176
5649,1176
7789,1176
7788,1176
7268,1176
5648,1176
7246,1176
7787,1176
7247,1176
5650,1176
8877,1176
7269,1176
7604,1176
8156,1176
7786,1176
8120,1176
8138,1176
8130,1176
8095,1176
7785,1176
7607,1176
7276,1176
7286,1176
7358,722
7334,722
8516,722
2110,722
7347,722
7335,722
7337,722
7353,722
8585,722
7352,722
8567,722
8696,722
7357,722
7356,722
7354,722
4076,722
8767,722
7341,722
8477,722
7340,722
7342,722
7345,722
7346,722
7343,722
7344,722
7348,722
7349,722
7351,722
7355,722
7333,722
7329,722
7328,722
7332,722
7327,722
14224,3
2745,3
2754,3
2753,3
2757,3
2944,3
2850,3
2830,3
2727,3
11859,3
2715,3
2719,3
2717,3
2907,3
2701,3
2720,3
2718,3
2906,3
2716,3
2729,3
2791,3
2919,3
2728,3
9081,3
2888,3
2831,3
1068,3
2861,3
2908,3
2736,3
10058,3
9086,3
2759,3
9079,3
9085,3
9356,3
6868,3
9179,3
8155,3
2735,3
9080,3
2921,3
2920,3
4618,3
2945,3
5394,3
2910,3
2730,3
9083,3
2732,3
2731,3
2734,3
2817,3
92,3
2752,3
2725,3
2726,3
2922,3
2742,3
2744,3
2740,3
4846,3
4845,3
4844,3
2739,3
2743,3
9078,3
2749,3
2860,3
6491,3
1407,3
2829,3
2723,3
6733,3
2893,3
2892,3
2894,3
9082,3
2785,3
7867,3
9084,3
2751,3
9077,3
6013,3
2931,3
2545,33
2501,33
2502,33
717,33
1059,33
2856,33
15677,33
9858,33
15681,33
716,33
2496,33
728,33
2846,33
4505,33
1653,33
1562,33
1561,33
1565,33
4506,33
1563,33
16399,33
1564,33
694,33
699,33
597,33
671,33
595,33
701,33
702,33
588,33
697,33
698,33
587,33
660,33
815,33
4624,33
1385,33
2836,33
739,33
2551,33
2500,33
2548,33
2550,33
14912,33
3945,33
2542,33
2537,33
7390,33
690,33
813,33
2464,33
2676,33
734,33
770,33
1422,33
2672,33
2498,33
2838,33
689,33
2488,33
2493,33
11859,33
2495,33
16094,33
1557,33
2635,33
1713,33
1085,33
9526,33
1511,33
9297,33
14910,33
2465,33
2845,33
2486,33
2490,33
2546,33
2487,33
908,33
4723,33
7802,33
1061,33
2549,33
2624,33
14487,33
2848,33
2687,33
1492,33
2627,33
10060,33
2858,33
9559,33
1064,33
11355,33
2859,33
11346,33
2839,33
715,33
11383,33
1147,33
4880,15
4792,15
4393,15
4948,15
4900,15
6732,15
4967,15
12936,15
13476,15
4321,15
5089,15
4893,15
4357,15
4351,15
4356,15
4352,15
4355,15
10036,15
4898,15
4339,15
8140,15
12376,15
14230,15
5095,15
8141,15
4944,15
5096,15
4941,15
4896,15
12375,15
5083,15
4924,15
5090,15
4964,15
5434,15
4392,15
4894,15
12937,15
2937,15
13277,15
4412,15
4411,15
4413,15
4414,15
4377,15
4378,15
4379,15
4376,15
4380,15
14232,15
4841,15
12716,15
6549,15
5087,15
12939,15
15552,15
15553,15
11859,15
4501,15
14231,15
4341,15
4345,15
4343,15
4342,15
4891,15
4390,15
10321,15
9526,15
5088,15
4456,15
4331,15
4334,15
4328,15
4329,15
6567,15
4415,15
4885,15
4921,15
4922,15
4923,15
5091,15
5092,15
4973,15
5093,15
5094,15
4886,15
14234,15
4897,15
5388,15
12938,15
6272,15
4892,15
4972,15
4883,15
4926,15
4968,15
5046,15
14236,15
6550,15
4888,15
14518,2057
14519,2057
14520,2057
14521,2057
14514,2057
14861,2057
14512,2057
1853,2057
14568,2057
14516,2057
10495,2057
11261,2057
11859,2057
11258,2057
11439,2057
10505,2057
14500,2057
10503,2057
10506,2057
10502,2057
10504,2057
10901,2057
14513,2057
10433,2057
11551,2057
10678,2057
10508,2057
4075,2057
11622,2057
10481,2057
10485,2057
10491,2057
10488,2057
10489,2057
11598,2057
10482,2057
10487,2057
10486,2057
10471,2057
10469,2057
11582,2057
11257,2057
10476,2057
10477,2057
10470,2057
10472,2057
10475,2057
14511,2057
11263,2057
10499,2057
10500,2057
10498,2057
10478,2057
10507,2057
10480,2057
10432,2057
5912,718
3653,718
3671,718
3669,718
3670,718
3673,718
3654,718
3674,718
5775,718
3835,718
5048,718
5053,718
5056,718
3637,718
5055,718
5762,718
5914,718
8886,718
3636,718
5761,718
5756,718
5755,718
3678,718
3840,718
3640,718
3679,718
5763,718
3680,718
2914,718
7900,357
10059,357
5347,357
5349,357
12801,357
14355,357
11717,357
11752,357
5346,357
7946,357
6576,357
8158,357
8147,357
7997,357
7870,357
9548,357
12800,357
12802,357
5358,357
5328,357
5327,357
5881,357
5360,357
5345,357
12497,357
10293,357
8075,357
5297,357
5295,357
9527,357
11824,357
4048,357
7942,357
7939,357
5292,357
5299,357
5300,357
5306,357
5305,357
5304,357
8019,357
7880,357
5354,357
11440,357
12418,357
11443,357
5238,357
5232,357
5239,357
5234,357
5229,357
5237,357
5236,357
5240,357
5241,357
7775,357
7726,357
7725,357
7727,357
5272,357
5260,357
5262,357
7875,357
11098,357
7943,357
5334,357
5335,357
5333,357
5337,357
5336,357
5331,357
5332,357
7807,357
5293,357
7737,357
7736,357
5268,357
5274,357
7904,357
5320,357
5317,357
5319,357
3700,357
7854,357
8142,357
7957,357
7903,357
7772,357
7956,357
11826,357
4544,357
8144,357
7948,357
5343,357
5357,357
7877,357
8157,357
5287,357
5286,357
8143,357
8889,46
7047,46
7040,46
7044,46
7041,46
9522,46
7029,46
9605,46
7027,46
7025,46
7026,46
7028,46
7055,46
2299,46
9459,46
9695,46
10077,46
9690,46
9526,46
9297,46
1296,46
9699,46
7035,46
7033,46
7034,46
9698,46
9779,46
9776,46
9777,46
9778,46
7049,46
7042,46
7043,46
14529,46
9461,46
3298,46
9697,46
9176,46
9604,46
14437,46
9520,46
7032,46
8979,46
3708,46
9602,46
9562,46
8976,46
9561,46
10260,46
8977,46
9700,46
16043,46
8981,46
9560,46
9836,46
9536,46
9565,46
14436,46
7031,46
10262,46
9177,46
9563,46
7048,46
7045,46
7046,46
9136,46
9694,46
6491,46
10078,46
8978,46
7038,46
7037,46
7036,46
10267,46
13177,46
9691,46
10119,46
7039,46
9544,46
4511,491
4422,491
4424,491
4425,491
4541,491
6021,491
4421,491
4428,491
4515,491
4516,491
4517,491
4518,491
4519,491
4625,491
4842,491
4539,491
2992,491
4510,491
5828,491
4538,491
4420,491
4623,491
4514,491
4531,491
4532,491
4442,491
4522,491
4525,491
4520,491
4523,491
4530,491
4436,491
4438,491
6035,491
4440,491
4437,491
4435,491
6168,491
4512,491
4528,491
4535,491
4534,491
4427,491
4508,491
4526,491
8889,51
5850,51
8447,51
5839,51
8566,51
8338,51
8504,51
5844,51
5840,51
8337,51
5846,51
8637,51
11859,51
8421,51
8284,51
8417,51
9526,51
9297,51
8402,51
14628,51
8279,51
9699,51
5856,51
11703,51
5858,51
3305,51
14627,51
5854,51
8282,51
9318,51
5852,51
8479,51
2941,51
8391,51
9700,51
9876,51
14634,51
5855,51
5833,51
14624,51
8837,51
8439,51
8400,51
14621,51
14625,51
8441,51
8277,51
7868,51
8281,51
5857,51
8442,51
8280,51
8283,51
5843,51
8278,51
6491,51
8509,51
14626,51
5853,51
14622,51
8444,51
5860,51
5861,51
5862,51
8419,51
8436,51
11056,28
11609,28
1852,28
11194,28
10840,28
10857,28
11936,28
11287,28
12596,28
4475,28
11614,28
11280,28
11277,28
11279,28
11281,28
1821,28
1809,28
11075,28
11077,28
11076,28
11078,28
11611,28
10667,28
10838,28
12128,28
1813,28
10943,28
883,28
1808,28
1815,28
1816,28
1817,28
11859,28
9526,28
11216,28
10996,28
10836,28
10580,28
1805,28
12425,28
1843,28
1844,28
1847,28
1796,28
1840,28
4472,28
1854,28
11053,28
1846,28
1845,28
1842,28
1802,28
11613,28
11027,28
10780,28
10779,28
89,28
10801,28
10778,28
10976,28
11316,28
10936,28
11610,28
12387,28
12942,28
1848,28
12126,28
11217,28
11286,28
11278,28
10927,28
11282,28
10739,28
11872,28
11616,28
8257,28
1824,28
8596,28
1850,28
11285,28
1812,28
4474,28
1793,28
10925,28
11283,28
4493,28
1836,28
1841,28
1839,28
10979,28
1831,28
1838,28
1835,28
1837,28
1833,28
1884,28
1826,28
1832,28
10605,28
1834,28
15351,45
2816,45
2733,45
2788,45
12924,45
2636,45
2566,45
2564,45
2571,45
2567,45
2569,45
2562,45
2570,45
7869,45
2760,45
2700,45
2769,45
2782,45
2780,45
2781,45
2835,45
2608,45
2442,45
2761,45
12925,45
2582,45
2581,45
2775,45
2595,45
2596,45
2598,45
4062,45
1052,45
2577,45
2575,45
15021,45
15022,45
2778,45
15128,45
2805,45
2774,45
12920,45
2812,45
2771,45
2574,45
2572,45
2573,45
12998,45
2580,45
4479,45
4063,45
14983,45
2767,45
2696,45
2721,45
2714,45
2601,45
2611,45
2565,45
2792,45
2820,45
15136,45
2619,45
2621,45
2618,45
2810,45
2561,45
2559,45
2560,45
15350,45
12922,45
12923,45
9501,45
1471,45
6574,45
2821,45
4480,45
2713,45
2793,45
2772,45
15125,45
2603,45
15130,45
2612,45
2766,45
2597,45
4481,45
2783,45
2579,45
2604,45
9555,45
2755,45
2814,45
2606,45
2773,45
2599,45
2563,45
2620,45
2607,45
2779,45
6229,721
6228,721
6235,721
7361,721
7800,721
7079,721
7897,721
6232,721
7998,721
7738,721
6207,721
6206,721
6211,721
6215,721
6219,721
6212,721
8035,721
7266,721
6392,721
6407,721
6391,721
6220,721
6329,721
6218,721
7850,721
7603,721
6223,721
6224,721
6222,721
6234,721
6233,721
6226,721
6227,721
6225,721
7849,721
6230,721
9676,721
7915,721
11796,493
11798,493
11716,493
12021,493
12019,493
7940,493
883,493
11802,493
9527,493
12740,493
4184,493
11956,493
11957,493
11832,493
12023,493
12042,493
12022,493
12025,493
12024,493
11822,493
11797,493
12026,493
11795,493
12029,493
11801,493
11800,493
10897,493
6491,493
11799,493
11552,493
11553,493
11939,493
8545,139
11706,139
11099,139
16284,139
11102,139
12384,139
10304,139
11035,139
8521,139
8519,139
11885,139
10954,139
11896,139
8530,139
10937,139
11038,139
11063,139
8605,139
8603,139
10699,139
12208,139
13118,139
12337,139
11898,139
8555,139
8557,139
11887,139
8558,139
8556,139
8524,139
8546,139
8526,139
8551,139
10947,139
10948,139
11064,139
10945,139
10944,139
8547,139
8542,139
10827,139
12339,139
8532,139
11859,139
8528,139
10817,139
11039,139
11897,139
11140,139
9521,139
9526,139
14494,139
8539,139
10996,139
8598,139
8544,139
12636,139
10940,139
8531,139
10825,139
8541,139
10821,139
10828,139
10946,139
12261,139
89,139
12248,139
16229,139
14484,139
12941,139
10936,139
12617,139
11704,139
11036,139
8606,139
10826,139
11034,139
10951,139
10952,139
10939,139
11886,139
11710,139
8602,139
8562,139
8560,139
8561,139
11290,139
11878,139
8553,139
16184,139
8601,139
10926,139
8565,139
8522,139
8520,139
8600,139
14485,139
16117,139
8597,139
8596,139
8298,4
8609,4
7826,4
7666,4
5992,4
3546,4
5982,4
7505,4
7506,4
8301,4
14463,4
8302,4
8816,4
11859,4
12396,4
7401,4
8716,4
5976,4
5977,4
5974,4
5975,4
5978,4
8304,4
9540,4
8675,4
7735,4
8717,4
6011,4
6010,4
7365,4
7665,4
8303,4
5993,4
7734,4
8616,4
7728,4
7363,4
7667,4
12397,4
8297,4
8718,4
8296,4
6001,4
6000,4
7851,4
5997,4
5998,4
5996,4
6003,4
6002,4
5999,4
8178,4
5981,4
5393,4
8300,4
7664,4
5990,4
5991,4
5988,4
7670,4
7669,4
7668,4
7671,4
6006,4
6004,4
6009,4
6007,4
6005,4
6008,4
5985,4
6491,4
7729,4
8299,4
5984,4
5508,4
7846,4
8022,4
5385,4
5979,4
3586,1581
647,1581
645,1581
636,1581
3450,1581
1729,1581
598,1581
634,1581
657,1581
1732,1581
4416,1581
4417,1581
1725,1581
4418,1581
11859,1581
639,1581
1763,1581
1731,1581
622,1581
3947,1581
641,1581
646,1581
4075,1581
2520,1581
644,1581
643,1581
642,1581
740,8
989,8
7643,8
6026,8
7750,8
5591,8
769,8
7623,8
11859,8
11198,8
741,8
746,8
7572,8
1443,8
14446,8
5391,8
8176,8
14447,8
744,8
742,8
12807,8
980,8
3622,8
5547,8
5546,8
986,8
981,8
10049,8
1442,8
6653,8
12922,8
5416,8
6930,8
5353,8
9916,8
988,8
5593,8
14445,8
763,8
1106,8
757,8
759,8
760,8
755,8
6913,8
762,8
761,8
1776,8
985,8
751,8
750,8
747,8
752,8
11874,8
1081,8
4953,8
14448,8
1088,8
5477,8
987,8
5622,8
8177,8
1386,8
14356,8
1082,8
1087,8
745,8
768,8
922,8
12900,8
858,8
6491,8
867,8
862,8
866,8
863,8
864,8
861,8
868,8
865,8
767,8
6932,8
950,8
764,8
765,8
766,8
7846,8
984,8
982,8
983,8
5592,8
5476,8
743,8
1084,8
1775,8
2216,267
2363,267
2390,267
2366,267
2438,267
14280,267
2404,267
2705,267
2365,267
12376,267
2304,267
2284,267
2379,267
2248,267
2430,267
12375,267
2393,267
2449,267
2448,267
7068,267
7070,267
7069,267
2442,267
2400,267
14279,267
7072,267
7071,267
6239,267
2370,267
2369,267
2368,267
2371,267
2432,267
2382,267
2399,267
2419,267
2418,267
2214,267
2392,267
2397,267
2367,267
11859,267
2239,267
2344,267
2346,267
2345,267
7360,267
2356,267
2348,267
9521,267
9526,267
2403,267
2451,267
2436,267
232,267
2385,267
2249,267
2305,267
2350,267
2721,267
2714,267
2698,267
2349,267
2473,267
2351,267
3540,267
5185,267
2396,267
2433,267
2362,267
2215,267
2265,267
2387,267
2266,267
2360,267
2268,267
2503,267
2269,267
2267,267
2270,267
2264,267
89,267
2352,267
2388,267
2427,267
2428,267
3544,267
3542,267
2401,267
2437,267
3536,267
2229,267
2378,267
2474,267
14277,267
2228,267
2383,267
2277,267
2335,267
2276,267
12017,2677
14020,2677
14601,2677
11983,2677
11981,2677
11583,2677
12435,2677
13020,2677
11519,2437
11320,2437
11518,2437
11834,2437
11321,2437
11517,2437
11319,2437
11318,2437
11322,2437
11323,2437
11324,2437
11520,2437
8996,2437
2135,85
2118,85
5724,85
11022,85
11057,85
1518,85
2113,85
11194,85
10839,85
10856,85
6497,85
2131,85
11608,85
10356,85
2116,85
1529,85
12341,85
3523,85
12342,85
2128,85
6784,85
1658,85
1665,85
1662,85
1664,85
2211,85
1931,85
2307,85
2132,85
1809,85
620,85
11945,85
5690,85
1500,85
3522,85
1523,85
1548,85
1917,85
2119,85
2129,85
2123,85
15197,85
1522,85
2122,85
1735,85
1742,85
1741,85
1652,85
1746,85
1496,85
7980,85
2209,85
12428,85
1743,85
1495,85
5725,85
1745,85
1744,85
1737,85
1739,85
1736,85
2210,85
1740,85
1519,85
1738,85
1547,85
1911,85
1657,85
1815,85
11859,85
2311,85
1512,85
2137,85
1570,85
1515,85
10996,85
1936,85
2114,85
10358,85
5750,85
10666,85
1553,85
11156,85
1654,85
1521,85
1497,85
3547,85
2117,85
10837,85
3150,85
448,85
1527,85
12922,85
5688,85
2124,85
2310,85
2115,85
10665,85
1918,85
5749,85
3967,331
3952,331
3773,331
8308,331
15351,331
11901,331
3920,331
3735,331
3809,331
12856,331
8015,331
6087,331
3917,331
3951,331
3771,331
3765,331
3770,331
3767,331
3815,331
3932,331
3698,331
10641,331
6028,331
4320,331
3797,331
3833,331
12918,331
3812,331
3834,331
3965,331
4267,331
3915,331
3987,331
3954,331
3963,331
3728,331
3879,331
3725,331
3727,331
3730,331
3736,331
883,331
3663,331
6072,331
12860,331
10642,331
3810,331
3818,331
12474,331
12476,331
12475,331
12921,331
9527,331
12877,331
11829,331
3969,331
3996,331
4484,331
6115,331
3762,331
3759,331
3758,331
3763,331
3774,331
11749,331
4795,331
3807,331
3808,331
3733,331
3806,331
3804,331
3893,331
3732,331
3734,331
3746,331
3745,331
3748,331
3750,331
3749,331
3743,331
12720,331
14963,331
4619,331
3825,331
3824,331
3823,331
3811,331
12718,331
3962,331
12723,331
3956,331
6731,331
3844,331
11681,331
11682,331
11656,331
11680,331
11683,331
3664,331
3901,331
1716,717
1720,717
1707,717
1711,717
1708,717
1715,717
1706,717
1663,717
1717,717
1666,717
1696,717
6626,400
5933,400
10882,400
10896,400
11117,400
10757,400
4546,400
10079,400
6496,400
10537,400
4117,400
4126,400
4507,400
7872,400
10582,400
2986,400
5792,400
4119,400
10377,400
10992,400
4454,400
4620,400
9525,400
10720,400
7404,400
4099,400
4095,400
10617,400
4250,400
4094,400
4097,400
4096,400
4093,400
14427,400
4946,400
4495,400
4430,400
4252,400
4945,400
4496,400
4429,400
4251,400
4113,400
4114,400
4111,400
4116,400
4112,400
4490,400
10758,400
10760,400
10761,400
10759,400
12576,400
10612,400
10539,400
14426,400
5934,400
4109,400
4110,400
4107,400
11116,400
5935,400
4877,400
4876,400
6730,400
10638,400
4452,400
3689,400
10646,400
6548,400
4483,400
4878,400
10428,400
4545,400
4124,400
4317,400
10636,400
10427,400
4248,400
4249,400
4630,400
5905,400
9238,400
4419,400
4722,400
7873,400
7874,400
4706,400
6495,400
4720,400
4499,400
4154,400
4158,400
4147,400
4151,400
4150,400
10756,400
4140,400
4139,400
4100,400
4018,406
3809,406
11921,406
4029,406
4044,406
4025,406
4022,406
12579,406
4023,406
4024,406
4027,406
4026,406
9549,406
4198,406
4489,406
5915,406
4038,406
4037,406
4051,406
4050,406
4052,406
4028,406
6167,406
4084,406
4008,406
2676,406
4021,406
11821,406
4053,406
4005,406
4263,406
4264,406
4007,406
4006,406
883,406
3411,406
9527,406
4034,406
4016,406
4031,406
5931,406
4035,406
4409,406
4077,406
10048,406
4202,406
11917,406
11915,406
11918,406
11920,406
11914,406
4082,406
4019,406
11912,406
11911,406
11910,406
11913,406
11858,406
11074,406
4188,406
16458,406
7731,406
4083,406
4080,406
11856,406
3994,406
4197,406
5870,406
12043,406
11860,406
4061,406
4056,406
11861,406
4066,406
4085,406
4276,406
4014,406
4015,406
4013,406
4012,406
4072,406
721,406
4009,406
10182,406
4036,406
8518,406
4020,406
4041,406
5916,406
4042,406
5930,406
4057,406
5928,406
6491,406
1412,406
7730,406
11864,406
5932,406
4407,406
4312,406
289,10
1673,10
271,10
844,10
5414,10
228,10
274,10
664,10
628,10
1258,10
930,10
302,10
2481,10
210,10
570,10
663,10
949,10
272,10
620,10
3136,10
267,10
374,10
264,10
771,10
270,10
2668,10
5418,10
910,10
909,10
215,10
11859,10
633,10
314,10
1871,10
9526,10
2112,10
2409,10
507,10
1270,10
1676,10
3,10
2462,10
225,10
218,10
569,10
960,10
6170,10
3133,10
325,10
6790,10
511,10
288,10
661,10
3134,10
893,10
1672,10
263,10
503,10
521,10
227,10
265,10
3135,10
3137,10
522,10
1200,10
226,10
574,10
534,10
10038,10
205,10
533,10
920,10
206,10
898,10
604,10
1421,10
539,10
565,10
269,10
948,10
3138,10
2669,10
268,10
531,10
787,10
202,10
203,10
1110,10
785,10
48,10
2475,10
2479,10
6491,10
1487,10
891,10
1251,10
889,10
892,10
212,10
315,10
12658,11
3582,11
1482,11
2911,11
1073,11
12899,11
1364,11
1481,11
10046,11
1032,11
1030,11
5404,11
1026,11
1028,11
1024,11
1029,11
1025,11
1418,11
1027,11
1450,11
1441,11
12376,11
1480,11
1451,11
1160,11
2104,11
4040,11
12375,11
2091,11
5683,11
1031,11
1069,11
1158,11
1157,11
4062,11
1054,11
1051,11
3180,11
1169,11
6523,11
1052,11
1053,11
1484,11
1453,11
12657,11
11859,11
1037,11
1057,11
1036,11
2102,11
1034,11
2103,11
1038,11
1035,11
12998,11
1462,11
2093,11
1019,11
9526,11
1463,11
1040,11
1039,11
1041,11
1239,11
1159,11
1044,11
2682,11
3181,11
2108,11
2089,11
1447,11
1217,11
14425,11
1259,11
1452,11
5185,11
1476,11
2097,11
3179,11
1016,11
1015,11
1018,11
1017,11
1464,11
2094,11
1454,11
1445,11
3182,11
1242,11
1456,11
8305,11
1111,11
1112,11
1071,11
1043,11
2090,11
2099,11
15137,11
1434,11
1076,11
3552,130
3554,130
3556,130
2106,130
1937,130
2120,130
6497,130
1923,130
5894,130
2067,130
2065,130
2064,130
2062,130
2066,130
2060,130
2061,130
2063,130
1938,130
1867,130
3577,130
1915,130
1914,130
3578,130
1912,130
2540,130
1920,130
1913,130
1888,130
1889,130
5682,130
6389,130
1978,130
2058,130
883,130
2140,130
1956,130
1954,130
6570,130
1778,130
1797,130
12431,130
1972,130
3557,130
5886,130
2053,130
1870,130
1952,130
12922,130
10780,130
10779,130
6739,130
1971,130
3555,130
2226,130
5748,130
12433,130
1955,130
6033,130
1953,130
5758,130
5757,130
2068,130
5895,130
1781,130
3529,130
1924,130
1770,130
1782,130
1896,130
1779,130
3533,130
1893,130
3531,130
1892,130
1769,130
1780,130
1766,130
8385,130
9553,130
1983,130
12432,130
3551,130
3528,130
1895,130
3532,130
1894,130
3530,130
1891,130
1951,130
1943,130
1950,130
2056,130
1869,130
1974,130
1973,130
1865,130
2283,130
1868,130
1866,130
2173,130
3702,148
3898,148
4191,148
3667,148
2913,148
3650,148
3660,148
6086,148
3899,148
3661,148
3583,148
2167,148
2171,148
2169,148
11713,148
2170,148
2168,148
2324,148
3900,148
2186,148
3841,148
3644,148
2174,148
2156,148
2176,148
4182,148
2336,148
2337,148
2185,148
2188,148
883,148
6299,148
3662,148
6788,148
2212,148
2187,148
6300,148
2233,148
9527,148
2192,148
7015,148
2322,148
2321,148
6667,148
8997,148
3619,148
2323,148
6301,148
2159,148
2160,148
2158,148
2202,148
2206,148
2204,148
2207,148
2201,148
2203,148
2208,148
2205,148
3695,148
2165,148
4193,148
10216,148
10219,148
4187,148
4307,148
6737,148
10085,148
11037,148
11819,148
11218,148
11817,148
6297,148
4190,148
2184,148
7016,148
4200,148
2191,148
7017,148
12138,148
12144,148
11714,148
4186,148
10158,148
10157,148
2069,148
2071,148
2070,148
2237,148
10323,148
4183,148
3616,148
2917,148
2231,148
2164,148
10160,148
2236,148
2235,148
12123,148
6145,148
7024,40
844,40
502,40
520,40
821,40
392,40
620,40
8934,40
2442,40
834,40
833,40
6250,40
6182,40
883,40
619,40
824,40
7050,40
481,40
594,40
122,40
449,40
590,40
550,40
121,40
589,40
1669,40
6180,40
450,40
95,40
7052,40
7056,40
504,40
832,40
237,40
233,40
1109,40
573,40
2044,40
846,40
843,40
157,40
547,40
154,40
239,40
234,40
36,40
115,40
114,40
448,40
8931,40
10045,40
7053,40
1236,40
4305,40
572,40
3417,40
842,40
7051,40
1424,40
1670,40
6271,40
126,40
458,40
456,40
513,40
517,40
515,40
127,40
171,40
582,40
391,40
2620,40
487,40
870,40
869,40
489,40
490,40
874,40
876,40
8096,40
488,40
491,40
12123,40
452,40
124,40
117,40
501,40
1426,40
123,40
453,40
125,40
500,40
1065,40
98,40
480,40
235,40
830,40
878,40
820,40
831,40
6221,1
829,1
460,1
10610,1
1354,1
1679,1
1232,1
713,1
1376,1
7954,1
1130,1
1129,1
12363,1
1240,1
837,1
926,1
1702,1
12372,1
3162,1
724,1
6124,1
5568,1
13096,1
853,1
1355,1
1125,1
1701,1
6328,1
6123,1
11859,1
13076,1
836,1
1137,1
1127,1
1253,1
8416,1
1352,1
1254,1
1698,1
1123,1
1122,1
946,1
1397,1
1124,1
1121,1
1120,1
706,1
1238,1
8503,1
5612,1
13000,1
7843,1
1692,1
1229,1
1273,1
12373,1
1260,1
12367,1
786,1
1699,1
8508,1
1231,1
808,1
1104,1
1119,1
6782,1
1243,1
448,1
1234,1
15113,1
1196,1
12922,1
1247,1
5595,1
727,1
1373,1
6181,1
1199,1
1237,1
1697,1
1245,1
1691,1
1126,1
1211,1
1694,1
1228,1
1961,1
1375,1
944,1
1226,1
7955,1
1358,1
1360,1
12385,1
11875,1
1959,1
12427,1
1965,1
12996,1
6177,1
810,1519
5386,1519
6267,1519
1316,1519
1366,1519
1478,1519
1349,1519
1294,1519
4974,1519
1347,1519
1315,1519
15351,1519
1321,1519
914,1519
3507,1519
1747,1519
1141,1519
1284,1519
2708,1519
1312,1519
4984,1519
5493,1519
5491,1519
8670,1519
8719,1519
15659,1519
1646,1519
6090,1519
4981,1519
1302,1519
11068,1519
5519,1519
1367,1519
4960,1519
1212,1519
7232,1519
1370,1519
5384,1519
5514,1519
5484,1519
1351,1519
12336,1519
5489,1519
1444,1519
7917,1519
1319,1519
1752,1519
805,1519
297,1519
1291,1519
5494,1519
1307,1519
1477,1519
14722,1519
4078,1519
5081,1519
1433,1519
2285,1519
2198,1519
804,1519
957,1519
1304,1519
4961,1519
3629,1519
5043,1519
461,1519
7207,1519
2532,1519
2504,1519
11859,1519
1314,1519
352,1519
6171,1519
1286,1519
5515,1519
483,1519
5503,1519
14981,1519
482,1519
1328,1519
5498,1519
3627,1519
5483,1519
1310,1519
1303,1519
14721,1519
1419,1519
2044,1519
1298,1519
5413,1519
6122,1519
6173,1519
5513,1519
466,1519
3509,1519
1346,1519
1333,1519
3504,1519
1750,1519
1348,1519
2412,36
15351,36
14222,36
2543,36
2318,36
2306,36
6176,36
2480,36
16392,36
8309,36
13776,36
14223,36
2253,36
2256,36
2255,36
2254,36
2252,36
2416,36
2287,36
6239,36
2271,36
2358,36
2272,36
2628,36
883,36
2413,36
14962,36
2440,36
2359,36
2317,36
6707,36
4504,36
14285,36
2349,36
2251,36
2422,36
2316,36
3985,36
14221,36
2351,36
2417,36
2333,36
15350,36
2407,36
2431,36
13219,36
14281,36
2414,36
6033,36
13841,36
2453,36
2423,36
6768,36
7325,36
14961,36
2406,36
2250,36
2421,36
2257,36
13085,36
2320,36
3984,36
2447,36
13816,36
6771,36
6766,36
2411,36
2684,36
11776,36
13777,36
1933,36
7324,36
2452,36
6779,36
2408,36
2386,36
2623,36
2258,36
14284,36
2246,36
2247,36
2240,36
2245,36
2243,36
2242,36
2241,36
2319,36
2420,36
2405,36
13217,36
1958,36
13817,36
2415,36
13840,36
7323,36
6777,36
12378,41
7369,41
7371,41
7379,41
7372,41
11859,41
12381,41
12382,41
7370,41
7376,41
6491,41
12379,41
12380,41
12377,41
812,44
777,44
844,44
7009,44
711,44
931,44
900,44
346,44
5620,44
345,44
3097,44
441,44
435,44
4464,44
440,44
4462,44
485,44
437,44
4064,44
4065,44
436,44
4463,44
615,44
14273,44
3096,44
616,44
343,44
620,44
2697,44
349,44
2442,44
3087,44
379,44
1070,44
428,44
381,44
11859,44
956,44
8963,44
9526,44
850,44
341,44
3091,44
334,44
3090,44
3085,44
547,44
505,44
3086,44
936,44
932,44
859,44
934,44
933,44
903,44
464,44
935,44
851,44
3088,44
8962,44
385,44
12922,44
6727,44
5608,44
793,44
790,44
584,44
789,44
14357,44
10037,44
1671,44
703,44
791,44
6966,44
848,44
344,44
382,44
342,44
1680,44
2531,44
397,44
422,44
548,44
544,44
578,44
1083,44
545,44
6728,44
847,44
9982,44
434,44
849,44
445,44
446,44
426,44
580,44
423,44
430,44
424,44
712,44
11382,1977
15114,1977
14834,1977
14509,1977
14507,1977
14515,1977
14517,1977
11380,1977
15082,1977
15083,1977
14510,1977
15084,1977
15085,1977
15956,3456
15932,3456
16060,3456
15953,3456
15931,3456
15936,3456
16062,3456
16061,3456
15990,3456
16065,3456
16011,3456
15952,3456
15954,3456
16028,3456
15989,3456
16063,3456
15928,3456
16064,3456
3126,1637
3373,1637
3350,1637
7792,1637
9856,1637
8673,1637
8724,1637
5611,1637
4485,1637
7565,1637
11178,1637
3368,1637
3364,1637
14182,1637
3890,1637
5195,1637
7562,1637
5909,1637
5639,1637
7567,1637
5885,1637
15006,1637
12351,1637
11859,1637
3310,1637
5613,1637
6986,1637
3144,1637
12474,1637
12476,1637
12475,1637
9297,1637
5883,1637
3367,1637
13842,1637
4043,1637
6466,1637
5875,1637
5188,1637
3327,1637
3345,1637
5606,1637
3358,1637
3369,1637
3353,1637
11871,1637
3324,1637
5597,1637
5603,1637
3335,1637
2704,1637
3316,1637
14720,1637
14499,1637
15350,1637
3323,1637
89,1637
6929,1637
5320,1637
3404,1637
8659,1637
11066,1637
3410,1637
3322,1637
5811,1637
3344,1637
3331,1637
3365,1637
14942,1637
3309,1637
5816,1637
5640,1637
7231,1637
4752,1637
3359,1637
3346,1637
8122,1637
3318,1637
3348,1637
3189,1637
3329,1637
14304,1637
3360,1637
5610,1637
11176,1637
5815,1637
3332,1637
3363,1637
3351,1637
3357,1637
6987,1637
3325,1637
3321,1637
3330,1637
3230,1637
3216,1637
3412,1637
15765,1637
15761,1637
3362,1637
246,12
810,12
1632,12
1215,12
2046,12
844,12
11996,12
465,12
247,12
797,12
7385,12
151,12
152,12
952,12
951,12
925,12
927,12
12376,12
805,12
6368,12
12375,12
620,12
5917,12
54,12
7384,12
2442,12
6374,12
804,12
6373,12
958,12
6093,12
883,12
583,12
116,12
6866,12
94,12
6846,12
6927,12
474,12
38,12
963,12
823,12
190,12
6367,12
11859,12
1250,12
459,12
196,12
1975,12
11328,12
1103,12
801,12
880,12
6749,12
14390,12
14393,12
6774,12
890,12
472,12
30,12
2044,12
103,12
255,12
1213,12
327,12
248,12
1922,12
100,12
12423,12
261,12
6306,12
6172,12
1218,12
448,12
894,12
385,12
12922,12
295,12
13159,12
78,12
383,12
802,12
806,12
915,12
811,12
796,12
258,12
384,12
917,12
799,12
198,12
11979,12
3937,12
11072,12
476,12
80,12
40,12
475,12
6,12
257,12
2918,1537
5173,1537
14183,1537
8671,1537
9859,1537
8720,1537
2461,1537
6291,1537
5110,1537
2460,1537
5148,1537
10090,1537
4258,1537
5114,1537
7978,1537
5152,1537
5144,1537
10455,1537
13084,1537
5128,1537
5142,1537
5149,1537
5120,1537
5123,1537
5172,1537
3842,1537
5106,1537
5570,1537
5101,1537
14724,1537
11865,1537
5163,1537
10877,1537
8256,1537
5115,1537
5159,1537
7298,1537
7292,1537
7312,1537
5125,1537
5102,1537
857,1537
11859,1537
2737,1537
5140,1537
5160,1537
5167,1537
5100,1537
5127,1537
5569,1537
5175,1537
4254,1537
2786,1537
5157,1537
5151,1537
12197,1537
6569,1537
4256,1537
2790,1537
5103,1537
1466,1537
5161,1537
10277,1537
5164,1537
1573,1537
5112,1537
5138,1537
2915,1537
5133,1537
5119,1537
5387,1537
11406,1537
7937,1537
2916,1537
5170,1537
5165,1537
89,1537
5155,1537
5111,1537
5595,1537
11146,1537
11028,1537
6175,1537
5130,1537
5153,1537
6382,1537
5145,1537
15353,1537
5121,1537
1901,1537
5113,1537
2784,1537
6169,1537
6294,1537
6120,1537
9616,1537
3979,1537
13843,1537
5129,1537
4081,1537
13116,2597
10990,2597
13442,2597
14187,2597
4255,2597
11949,2597
11947,2597
13422,2597
13421,2597
13554,2597
13140,2597
13319,2597
13320,2597
13154,2597
13152,2597
13318,2597
13153,2597
13139,2597
13447,2597
14188,2597
12121,2597
11946,2597
13443,2597
14762,2597
14770,2597
14763,2597
14771,2597
12122,2597
14768,2597
10981,2597
14285,2597
14282,2597
13359,2597
12053,2597
12051,2597
12097,2597
13284,2597
13616,2597
13441,2597
13216,2597
3343,2597
13218,2597
13117,2597
14766,2597
14774,2597
13080,2597
13396,2597
13397,2597
11600,2597
11602,2597
13098,2597
10987,2597
13419,2597
5134,2597
13798,2597
13079,2597
5139,2597
4257,2597
13298,2597
13145,2597
13296,2597
13147,2597
13299,2597
13146,2597
13137,2597
13138,2597
13297,2597
13143,2597
13144,2597
13256,2597
11657,2597
13797,2597
13257,2597
14185,2597
13236,2597
3625,2597
14186,2597
13326,2597
13328,2597
13552,2597
13555,2597
13448,2597
10367,2597
13176,2597
11678,2597
10986,2597
11675,2597
14775,2597
14284,2597
13358,2597
12050,2597
12127,2597
14283,2597
12096,2597
13576,2597
13577,2597
13617,2597
5135,2597
11677,2597
14767,2597
2302,1657
4160,1657
3562,1657
10056,1657
4210,1657
15351,1657
4172,1657
3468,1657
3469,1657
2041,1657
4234,1657
4215,1657
3516,1657
4784,1657
4087,1657
4203,1657
4156,1657
4090,1657
15679,1657
8723,1657
15678,1657
8669,1657
5118,1657
4240,1657
4216,1657
2912,1657
7296,1657
5782,1657
4164,1657
4236,1657
4220,1657
4211,1657
11083,1657
4423,1657
4262,1657
7315,1657
4783,1657
4786,1657
883,1657
4218,1657
4167,1657
4205,1657
4180,1657
6292,1657
4088,1657
4165,1657
5047,1657
4170,1657
4168,1657
4214,1657
2796,1657
11081,1657
4204,1657
4242,1657
4223,1657
4219,1657
4181,1657
4209,1657
4232,1657
7740,1657
7553,1657
7555,1657
10878,1657
14380,1657
14379,1657
14378,1657
4155,1657
11866,1657
6735,1657
4169,1657
4091,1657
11709,1657
4753,1657
4138,1657
9047,1657
4146,1657
907,1657
4231,1657
3561,1657
4208,1657
11070,1657
4173,1657
4092,1657
4730,1657
6034,1657
4161,1657
6142,1657
4217,1657
4159,1657
4177,1657
4171,1657
11041,1657
4241,1657
4233,1657
4229,1657
4243,1657
15762,1657
7313,1657
11401,1657
14725,1657
4604,1497
4606,1497
7683,1497
4610,1497
5665,1497
4568,1497
2308,1497
5659,1497
6522,1497
4594,1497
10053,1497
5732,1497
5734,1497
5733,1497
5731,1497
5204,1497
11870,1497
4573,1497
4588,1497
15682,1497
8721,1497
8672,1497
15683,1497
15686,1497
15675,1497
15684,1497
15676,1497
4595,1497
4605,1497
4602,1497
1498,1497
4612,1497
4598,1497
5661,1497
5738,1497
5735,1497
5736,1497
5687,1497
5685,1497
5686,1497
5675,1497
4582,1497
5744,1497
4569,1497
8390,1497
10136,1497
5658,1497
4593,1497
4613,1497
7395,1497
223,1497
4561,1497
5706,1497
4611,1497
4609,1497
11044,1497
11859,1497
5670,1497
5654,1497
5052,1497
5664,1497
4555,1497
4587,1497
6566,1497
4552,1497
4585,1497
4607,1497
4608,1497
4775,1497
5681,1497
4601,1497
11031,1497
11750,1497
4486,1497
4600,1497
5696,1497
5820,1497
5693,1497
4556,1497
7297,1497
4586,1497
4584,1497
347,1497
5666,1497
4575,1497
10879,1497
5669,1497
5747,1497
15350,1497
6741,1497
4596,1497
8403,1497
5702,1497
5726,1497
5727,1497
5730,1497
5728,1497
5729,1497
5698,1497
4590,1497
8359,1638
11869,1638
3419,1638
5769,1638
3047,1638
3026,1638
8357,1638
8722,1638
8674,1638
4451,1638
9087,1638
3009,1638
3032,1638
5957,1638
10881,1638
3084,1638
3001,1638
10054,1638
3057,1638
8361,1638
8356,1638
5543,1638
4310,1638
3019,1638
11859,1638
8360,1638
12475,1638
3020,1638
2987,1638
3046,1638
3095,1638
3035,1638
3566,1638
3003,1638
9076,1638
3056,1638
4309,1638
3093,1638
8401,1638
6393,1638
10086,1638
8358,1638
3018,1638
3039,1638
3083,1638
15350,1638
14441,1638
14440,1638
14442,1638
6746,1638
2997,1638
3025,1638
3028,1638
3021,1638
2998,1638
3038,1638
3043,1638
10360,1638
2972,1638
3013,1638
5599,1638
11047,1638
5054,1638
3015,1638
3002,1638
8362,1638
3036,1638
4046,1638
3005,1638
3008,1638
3045,1638
3010,1638
12198,1638
3441,1638
3044,1638
7089,1638
4943,1638
11071,1638
3027,1638
3017,1638
5770,1638
3012,1638
12383,1638
3014,1638
15767,1638
8398,1638
6410,1638
8364,1638
2798,1638
3447,1638
2959,1638
2960,1638
11833,1638
14728,1638
8664,1638
3978,1638
3042,1638
4068,1638
3029,1638
8363,1638
3300,14
3126,14
3123,14
3122,14
10578,14
3198,14
3199,14
3197,14
3196,14
3195,14
5887,14
5824,14
3125,14
3191,14
3227,14
3231,14
3225,14
3226,14
3228,14
3166,14
5823,14
5952,14
3172,14
3099,14
11859,14
3110,14
3158,14
3121,14
3115,14
3116,14
3117,14
3118,14
3174,14
3100,14
12346,14
3108,14
3102,14
5822,14
3203,14
3168,14
11378,14
3153,14
9564,14
3147,14
9796,14
3139,14
3204,14
5826,14
3165,14
3143,14
3881,14
12430,14
3933,14
3287,14
5951,14
6607,14
3620,14
3207,14
448,14
4311,14
15115,14
12776,14
3160,14
12922,14
6928,14
3164,14
15012,14
3154,14
3186,14
11814,14
10176,14
3170,14
3707,14
6027,14
3119,14
3120,14
3175,14
3129,14
3128,14
3159,14
3140,14
5941,14
10556,14
3192,14
3131,14
11943,14
5884,14
13157,14
3103,14
3141,14
3104,14
3105,14
12125,14
3208,14
3188,14
3304,14
3184,14
5891,14
5893,14
3193,14
2162,141
3606,141
3608,141
3593,141
2041,141
3592,141
3607,141
2078,141
3596,141
3535,141
2019,141
2015,141
2021,141
2017,141
2018,141
2020,141
3569,141
3611,141
6094,141
2079,141
3515,141
3603,141
4266,141
2004,141
4262,141
7907,141
3601,141
883,141
6091,141
2080,141
8583,141
14430,141
2033,141
2030,141
9527,141
2852,141
7916,141
2034,141
7234,141
15624,141
3594,141
3591,141
14431,141
2107,141
2001,141
2082,141
1994,141
2152,141
2011,141
2013,141
2010,141
2007,141
11690,141
7235,141
2012,141
2009,141
2014,141
2006,141
2008,141
1993,141
1988,141
1989,141
14429,141
448,141
10604,141
10606,141
6736,141
8584,141
3590,141
3599,141
3610,141
3602,141
3589,141
3306,141
3588,141
3598,141
7319,141
3600,141
2038,141
3587,141
3604,141
2032,141
3597,141
6781,141
2077,141
3613,141
6911,141
3568,141
2151,141
3605,141
3614,141
10118,141
2042,141
2043,141
4265,141
2166,141
7317,141
11942,141
6780,141
721,141
15369,3429
15370,3429
15341,3429
15348,3429
15340,3429
15339,3429
3229,215
2956,215
2994,215
6775,215
3058,215
2990,215
2989,215
2993,215
2966,215
3224,215
3220,215
3217,215
3214,215
3212,215
3219,215
3211,215
3210,215
3223,215
3221,215
3213,215
3215,215
3218,215
3222,215
3209,215
2954,215
3232,215
2952,215
2953,215
3075,215
12354,215
3069,215
2981,215
8554,215
2957,215
5787,215
3035,215
3566,215
2967,215
2968,215
3060,215
3064,215
3056,215
12355,215
14549,215
14550,215
14542,215
2991,215
2980,215
3080,215
3685,215
2947,215
5940,215
3059,215
10599,215
6747,215
3884,215
3690,215
3072,215
3078,215
2973,215
2972,215
2974,215
3063,215
3061,215
3233,215
6776,215
3077,215
3073,215
3055,215
3068,215
3062,215
5891,215
3883,215
3076,215
2988,215
2961,215
7975,215
2948,215
3066,215
10721,215
2951,215
2950,215
2949,215
2955,215
2620,215
2959,215
2958,215
2960,215
3067,215
3688,215
2985,215
2982,215
5888,215
2984,215
10050,215
5785,215
3052,215
5786,215
6491,215
3051,215
13116,3277
13117,3277
15065,3358
13016,2257
14041,2257
12997,2257
13018,2257
12056,2717
12057,2717
12259,2717
11988,2717
12118,2717
11982,2717
12018,2717
11502,2717
12264,2717
12098,2717
11673,2717
11671,2717
11672,2717
11859,2717
14337,2717
11668,2717
12099,2717
11666,2717
11669,2717
11667,2717
11661,2717
11664,2717
11663,2717
11662,2717
12119,2717
11665,2717
12076,2717
12100,2717
12265,2717
12101,2717
11659,2717
11658,2717
12143,2717
13718,405
11105,405
14229,405
4700,405
11785,405
11786,405
11781,405
11782,405
4702,405
11863,405
6706,405
11438,405
4688,405
1182,405
4665,405
4663,405
4666,405
4705,405
13836,405
4664,405
13019,405
4667,405
4668,405
5396,405
13837,405
4695,405
13717,405
12960,405
11625,405
5752,405
11688,405
5644,405
4686,405
4687,405
11937,405
11876,405
4677,405
4680,405
4693,405
4694,405
4692,405
12340,405
11562,405
11563,405
4701,405
4727,405
12347,405
5395,405
4651,405
4653,405
4652,405
4646,405
4661,405
4647,405
4648,405
4649,405
8154,405
11687,405
11686,405
14228,405
11564,405
4728,405
5412,405
12045,405
8152,405
4673,405
4672,405
4675,405
4670,405
4674,405
4671,405
14227,405
6019,405
4729,405
11103,405
11106,405
8150,405
11317,405
5771,405
14226,405
13698,405
5600,405
5402,405
5601,405
5602,405
9636,405
11521,405
10988,405
12977,405
4636,405
4632,405
4637,405
4634,405
4633,405
12976,405
4635,405
5638,405
12028,405
4676,405
4685,405
8576,16
8378,16
8608,16
6648,16
8379,16
6135,16
6136,16
6138,16
6137,16
11276,16
6109,16
12957,16
8581,16
6199,16
6198,16
193,16
6130,16
14301,16
8380,16
8409,16
6146,16
6147,16
6148,16
11708,16
6352,16
6369,16
11859,16
6129,16
6131,16
13278,16
9527,16
8766,16
6651,16
6650,16
6349,16
10361,16
8586,16
6127,16
6125,16
6126,16
6140,16
6116,16
6117,16
8386,16
13322,16
12922,16
12577,16
8587,16
11707,16
8678,16
8420,16
8610,16
3621,16
6649,16
6202,16
6201,16
6200,16
8381,16
7864,16
11548,16
7783,16
6134,16
6647,16
8578,16
6350,16
6370,16
6372,16
12125,16
6652,16
8764,16
8763,16
6646,16
8761,16
8759,16
8760,16
8399,16
8405,16
8382,16
7866,16
8392,16
16479,16
11705,16
8756,16
8395,16
13896,16
8397,16
6143,16
8757,16
6144,16
6491,16
15481,16
7885,16
7886,16
6196,16
12204,16
6193,16
6194,16
6195,16
6190,16
12205,16
9623,490
11702,490
9376,490
6510,490
6509,490
9157,490
6511,490
6512,490
10290,490
9477,490
6582,490
9274,490
6498,490
9163,490
11859,490
9164,490
9165,490
9167,490
3000,490
5419,490
6559,490
9496,490
9498,490
10040,490
10041,490
6553,490
6554,490
6555,490
6551,490
6552,490
6583,490
10583,490
9271,490
6499,490
9117,490
9618,490
6584,490
10302,490
9684,490
9683,490
9118,490
8737,490
6521,490
11701,490
6556,490
9119,490
12959,490
11884,490
9600,490
9273,490
6502,490
14528,490
6557,490
9166,490
10977,490
6505,490
6507,490
6581,490
6506,490
9999,490
6520,490
9998,490
14527,490
9272,490
6503,490
6491,490
9997,490
6501,490
6560,490
6517,490
6527,490
6519,490
6518,490
6504,490
9619,490
6500,490
9622,490
6585,490
6514,490
6513,490
6516,490
6508,490
9270,490
9162,490
10811,2017
10813,2017
10436,2017
11121,2017
10997,2017
11120,2017
11058,2017
10558,2017
10435,2017
10438,2017
11032,2017
10437,2017
11143,2017
10439,2017
10393,2017
10809,2017
11082,2017
10516,2017
10808,2017
10917,2017
10440,2017
10697,2017
10416,2017
10394,2017
10383,2017
10425,2017
10419,2017
10421,2017
10424,2017
10418,2017
10420,2017
10426,2017
11043,2017
10423,2017
11054,2017
10422,2017
10413,2017
10412,2017
11859,2017
10411,2017
10407,2017
10385,2017
10406,2017
10812,2017
416,2017
10382,2017
11197,2017
11030,2017
10414,2017
10405,2017
10461,2017
10536,2017
10441,2017
10200,2017
10381,2017
11122,2017
10408,2017
10409,2017
10463,2017
10391,2017
10390,2017
8477,2017
10384,2017
10388,2017
10955,2017
10399,2017
10400,2017
10398,2017
11142,2017
10876,2017
10387,2017
10417,2017
10464,2017
10389,2017
7524,618
5198,618
14531,618
9857,618
10202,618
11119,618
7454,618
11183,618
16416,618
10807,618
11696,618
7448,618
7449,618
10660,618
7437,618
7436,618
10659,618
7435,618
7452,618
9298,618
11859,618
14348,618
7445,618
9527,618
9297,618
11190,618
11188,618
10468,618
7447,618
7428,618
7429,618
7431,618
7430,618
7433,618
7434,618
7432,618
10196,618
10619,618
11753,618
10431,618
10199,618
11808,618
12140,618
10929,618
11755,618
7461,618
7462,618
7463,618
10738,618
11187,618
7459,618
7460,618
7458,618
89,618
11118,618
13917,618
11546,618
10301,618
11629,618
10198,618
11192,618
10201,618
10978,618
11191,618
10918,618
11186,618
2303,618
11138,618
10637,618
10663,618
11754,618
10197,618
7453,618
2084,618
11182,618
11189,618
7446,618
7450,618
7451,618
10200,618
10300,618
10684,618
12150,618
4779,618
11751,618
10618,618
7457,618
11556,618
11718,618
10664,618
11193,618
7444,618
7443,618
10737,618
10741,618
10661,618
10662,618
6491,618
10303,618
7523,618
15174,1377
15184,1377
15610,1377
15611,1377
15609,1377
15177,1377
15181,1377
14761,1377
11745,1377
15196,1377
11747,1377
11746,1377
11859,1377
11741,1377
11740,1377
11744,1377
9527,1377
15171,1377
15172,1377
14472,1377
14477,1377
15194,1377
14347,1377
13301,1377
11722,1377
13136,1377
11723,1377
11698,1377
11724,1377
11721,1377
11730,1377
11731,1377
11734,1377
11733,1377
11732,1377
11729,1377
11728,1377
11726,1377
11727,1377
11725,1377
14478,1377
11805,1377
15175,1377
14476,1377
14473,1377
13220,1377
14536,1377
15169,1377
14475,1377
11739,1377
15178,1377
15170,1377
11738,1377
14471,1377
12199,1377
6491,1377
15722,1377
11737,1377
11736,1377
11735,1377
12178,1377
12179,1377
11880,1377
15201,1377
11881,1377
11883,1377
15213,1377
11882,1377
15182,1377
15202,1377
12956,1377
14474,1377
7206,1337
2748,1337
6906,1337
6907,1337
7291,1337
4854,1337
7228,1337
7023,1337
6908,1337
6910,1337
4857,1337
11073,1337
7078,1337
7405,1337
7309,1337
7076,1337
7077,1337
7011,1337
7012,1337
7396,1337
7397,1337
3560,1337
4863,1337
7172,1337
7209,1337
6912,1337
7091,1337
4849,1337
4848,1337
7030,1337
4847,1337
7290,1337
4861,1337
4860,1337
7175,1337
4855,1337
4850,1337
7321,1337
4853,1337
7320,1337
4852,1337
4851,1337
10120,1337
7022,1337
9660,47
5598,47
11812,47
11859,47
7778,47
11097,47
12496,47
14757,47
4469,47
5635,47
7884,47
7977,47
12958,47
7801,47
4314,47
12124,47
2655,47
8215,47
5636,47
8018,47
8161,47
2693,47
2691,47
2694,47
2692,47
10802,47
7806,47
11810,47
14741,47
7744,47
8213,47
2656,47
4468,47
8214,47
14740,47
11813,47
10061,47
14731,47
2923,47
7808,47
8217,47
8636,47
14739,47
8160,47
8211,47
14738,47
14736,47
2928,47
7996,47
2658,47
2659,47
8210,47
17598,47
8216,47
14734,47
14730,47
5634,47
8885,47
7780,47
5718,47
2688,47
2505,47
2929,47
2707,47
8023,47
8024,47
8025,47
2925,47
2926,47
2924,47
14737,47
8276,47
6491,47
8212,47
2657,47
4782,47
12477,47
12478,47
12479,47
2927,47
7995,47
2648,47
7809,47
2639,47
2643,47
2646,47
2641,47
2644,47
14748,47
2681,47
4466,47
2645,47
2642,47
4467,47
2647,47
4465,47
2640,47
2680,47
7865,47
7768,47
3977,796
6426,796
6487,796
6490,796
4543,796
11859,796
6488,796
575,796
6427,796
3975,796
4542,796
3974,796
6493,796
3983,796
6489,796
721,796
4075,796
4303,796
4296,796
4288,796
4301,796
4302,796
4299,796
3976,796
4297,796
4298,796
4291,796
4289,796
4287,796
4290,796
4540,796
4295,796
4292,796
4293,796
4283,796
4286,796
4294,796
4306,796
4304,796
6575,796
4300,796
6547,796
4308,796
3981,796
9596,1583
10263,1583
10376,1583
9718,1583
10268,1583
10220,1583
9196,1583
10596,1583
9568,1583
9736,1583
9236,1583
9218,1583
9219,1583
9217,1583
10584,1583
9237,1583
10740,1583
10257,1583
2110,1583
10318,1583
10742,1583
9817,1583
10317,1583
10316,1583
10319,1583
9818,1583
10762,1583
9819,1583
9693,1583
9692,1583
9717,1583
9583,1583
9716,1583
9696,1583
10221,1583
10261,1583
9708,1583
10447,1583
10814,1583
10442,1583
11859,1583
10776,1583
9261,1583
9263,1583
9259,1583
9262,1583
9260,1583
9264,1583
10363,1583
10899,1583
10339,1583
10509,1583
10162,1583
9816,1583
10371,1583
10366,1583
9096,1583
10372,1583
10083,1583
4076,1583
10258,1583
10683,1583
10161,1583
9045,1583
10299,1583
9097,1583
9258,1583
9098,1583
9257,1583
9416,1583
9267,1583
9268,1583
9241,1583
9239,1583
9269,1583
9265,1583
9240,1583
9266,1583
10264,1583
10177,1583
9701,1583
10374,1583
10375,1583
9197,1583
9199,1583
9198,1583
9201,1583
9200,1583
9216,1583
10680,1583
10681,1583
10218,1583
10430,1583
10601,1583
10602,1583
10340,1583
10429,1583
10799,1583
5594,440
11758,440
7883,440
9453,440
8661,440
7823,440
5426,440
8131,440
7824,440
8736,440
7847,440
5460,440
5456,440
5457,440
5459,440
5455,440
5458,440
7407,440
8197,440
5466,440
7763,440
8202,440
5467,440
14567,440
8125,440
5469,440
5474,440
5472,440
5471,440
5473,440
5475,440
12475,440
9526,440
9297,440
5429,440
9460,440
9299,440
8137,440
7799,440
5419,440
5420,440
5421,440
5490,440
12046,440
8207,440
9396,440
8667,440
8205,440
15165,440
7769,440
5454,440
5450,440
5451,440
5453,440
5441,440
5452,440
7784,440
7733,440
8139,440
5319,440
14743,440
8200,440
8203,440
5411,440
5465,440
9985,440
9397,440
7564,440
7771,440
15526,440
8208,440
16014,440
11811,440
8126,440
15520,440
8196,440
8201,440
8128,440
5389,440
10460,440
8124,440
11756,440
5427,440
5470,440
8883,440
8881,440
8885,440
8882,440
5774,440
5428,440
16417,440
5646,440
5647,440
5645,440
7803,440
5424,440
5422,440
5423,440
5430,440
7882,440
14340,361
10379,361
8956,361
8957,361
8958,361
9528,361
9598,361
2806,361
11180,361
11900,361
11016,361
9462,361
7086,361
7157,361
7156,361
7154,361
7155,361
7158,361
7153,361
14339,361
11024,361
7104,361
11859,361
9620,361
659,361
9527,361
9878,361
9879,361
9116,361
8961,361
8960,361
8959,361
9465,361
11555,361
11554,361
10922,361
14526,361
7137,361
12922,361
14470,361
89,361
7135,361
7136,361
7099,361
7097,361
7098,361
7139,361
7138,361
10924,361
7108,361
7109,361
7111,361
7106,361
7105,361
7110,361
7107,361
7115,361
7112,361
7118,361
7114,361
7113,361
7125,361
7126,361
9862,361
7120,361
11019,361
5501,361
10920,361
11558,361
14467,361
9516,361
2803,361
9529,361
11557,361
12578,361
14344,361
9861,361
15315,361
15395,361
543,361
14469,361
14343,361
9464,361
9877,361
14342,361
9518,361
11020,361
9860,361
9517,361
11181,361
6491,361
11141,361
14525,361
10017,361
7092,361
10016,361
10921,361
10923,361
14345,361
11552,361
8127,1176
7267,1176
10081,1176
7273,1176
7795,1176
7796,1176
7797,1176
10080,1176
7274,1176
7275,1176
7272,1176
7271,1176
10082,1176
7527,1176
8179,1176
7608,1176
7606,1176
7605,1176
8876,1176
5649,1176
7789,1176
7788,1176
7268,1176
5648,1176
7246,1176
7787,1176
7247,1176
5650,1176
8877,1176
7269,1176
7604,1176
8156,1176
7786,1176
8120,1176
8138,1176
8130,1176
8095,1176
7785,1176
7607,1176
7276,1176
7286,1176
4829,719
4824,719
4978,719
4825,719
6047,719
4787,719
4823,719
12876,719
4807,719
4805,719
4819,719
4818,719
4820,719
4827,719
4799,719
4798,719
6243,719
4887,719
4831,719
12902,719
6729,719
4815,719
4977,719
4830,719
4821,719
4822,719
4809,719
4811,719
4814,719
4832,719
4812,719
4810,719
4813,719
8996,719
14224,3
2745,3
2754,3
2753,3
2757,3
2944,3
2850,3
2830,3
2727,3
11859,3
2715,3
2719,3
2717,3
2907,3
2701,3
2720,3
2718,3
2906,3
2716,3
2729,3
2791,3
2919,3
2728,3
9081,3
2888,3
2831,3
1068,3
2861,3
2908,3
2736,3
10058,3
9086,3
2759,3
9079,3
9085,3
9356,3
6868,3
9179,3
8155,3
2735,3
9080,3
2921,3
2920,3
4618,3
2945,3
5394,3
2910,3
2730,3
9083,3
2732,3
2731,3
2734,3
2817,3
92,3
2752,3
2725,3
2726,3
2922,3
2742,3
2744,3
2740,3
4846,3
4845,3
4844,3
2739,3
2743,3
9078,3
2749,3
2860,3
6491,3
1407,3
2829,3
2723,3
6733,3
2893,3
2892,3
2894,3
9082,3
2785,3
7867,3
9084,3
2751,3
9077,3
6013,3
2931,3
4880,15
4792,15
4393,15
4948,15
4900,15
6732,15
4967,15
12936,15
13476,15
4321,15
5089,15
4893,15
4357,15
4351,15
4356,15
4352,15
4355,15
10036,15
4898,15
4339,15
8140,15
12376,15
14230,15
5095,15
8141,15
4944,15
5096,15
4941,15
4896,15
12375,15
5083,15
4924,15
5090,15
4964,15
5434,15
4392,15
4894,15
12937,15
2937,15
13277,15
4412,15
4411,15
4413,15
4414,15
4377,15
4378,15
4379,15
4376,15
4380,15
14232,15
4841,15
12716,15
6549,15
5087,15
12939,15
15552,15
15553,15
11859,15
4501,15
14231,15
4341,15
4345,15
4343,15
4342,15
4891,15
4390,15
10321,15
9526,15
5088,15
4456,15
4331,15
4334,15
4328,15
4329,15
6567,15
4415,15
4885,15
4921,15
4922,15
4923,15
5091,15
5092,15
4973,15
5093,15
5094,15
4886,15
14234,15
4897,15
5388,15
12938,15
6272,15
4892,15
4972,15
4883,15
4926,15
4968,15
5046,15
14236,15
6550,15
4888,15
14518,2057
14519,2057
14520,2057
14521,2057
14514,2057
14861,2057
14512,2057
1853,2057
14568,2057
14516,2057
10495,2057
11261,2057
11859,2057
11258,2057
11439,2057
10505,2057
14500,2057
10503,2057
10506,2057
10502,2057
10504,2057
10901,2057
14513,2057
10433,2057
11551,2057
10678,2057
10508,2057
4075,2057
11622,2057
10481,2057
10485,2057
10491,2057
10488,2057
10489,2057
11598,2057
10482,2057
10487,2057
10486,2057
10471,2057
10469,2057
11582,2057
11257,2057
10476,2057
10477,2057
10470,2057
10472,2057
10475,2057
14511,2057
11263,2057
10499,2057
10500,2057
10498,2057
10478,2057
10507,2057
10480,2057
10432,2057
5912,718
3653,718
3671,718
3669,718
3670,718
3673,718
3654,718
3674,718
5775,718
3835,718
5048,718
5053,718
5056,718
3637,718
5055,718
5762,718
5914,718
8886,718
3636,718
5761,718
5756,718
5755,718
3678,718
3840,718
3640,718
3679,718
5763,718
3680,718
2914,718
7900,357
10059,357
5347,357
5349,357
12801,357
14355,357
11717,357
11752,357
5346,357
7946,357
6576,357
8158,357
8147,357
7997,357
7870,357
9548,357
12800,357
12802,357
5358,357
5328,357
5327,357
5881,357
5360,357
5345,357
12497,357
10293,357
8075,357
5297,357
5295,357
9527,357
11824,357
4048,357
7942,357
7939,357
5292,357
5299,357
5300,357
5306,357
5305,357
5304,357
8019,357
7880,357
5354,357
11440,357
12418,357
11443,357
5238,357
5232,357
5239,357
5234,357
5229,357
5237,357
5236,357
5240,357
5241,357
7775,357
7726,357
7725,357
7727,357
5272,357
5260,357
5262,357
7875,357
11098,357
7943,357
5334,357
5335,357
5333,357
5337,357
5336,357
5331,357
5332,357
7807,357
5293,357
7737,357
7736,357
5268,357
5274,357
7904,357
5320,357
5317,357
5319,357
3700,357
7854,357
8142,357
7957,357
7903,357
7772,357
7956,357
11826,357
4544,357
8144,357
7948,357
5343,357
5357,357
7877,357
8157,357
5287,357
5286,357
8143,357
8889,46
7047,46
7040,46
7044,46
7041,46
9522,46
7029,46
9605,46
7027,46
7025,46
7026,46
7028,46
7055,46
2299,46
9459,46
9695,46
10077,46
9690,46
9526,46
9297,46
1296,46
9699,46
7035,46
7033,46
7034,46
9698,46
9779,46
9776,46
9777,46
9778,46
7049,46
7042,46
7043,46
14529,46
9461,46
3298,46
9697,46
9176,46
9604,46
14437,46
9520,46
7032,46
8979,46
3708,46
9602,46
9562,46
8976,46
9561,46
10260,46
8977,46
9700,46
16043,46
8981,46
9560,46
9836,46
9536,46
9565,46
14436,46
7031,46
10262,46
9177,46
9563,46
7048,46
7045,46
7046,46
9136,46
9694,46
6491,46
10078,46
8978,46
7038,46
7037,46
7036,46
10267,46
13177,46
9691,46
10119,46
7039,46
9544,46
4511,491
4422,491
4424,491
4425,491
4541,491
6021,491
4421,491
4428,491
4515,491
4516,491
4517,491
4518,491
4519,491
4625,491
4842,491
4539,491
2992,491
4510,491
5828,491
4538,491
4420,491
4623,491
4514,491
4531,491
4532,491
4442,491
4522,491
4525,491
4520,491
4523,491
4530,491
4436,491
4438,491
6035,491
4440,491
4437,491
4435,491
6168,491
4512,491
4528,491
4535,491
4534,491
4427,491
4508,491
4526,491
8889,51
5850,51
8447,51
5839,51
8566,51
8338,51
8504,51
5844,51
5840,51
8337,51
5846,51
8637,51
11859,51
8421,51
8284,51
8417,51
9526,51
9297,51
8402,51
14628,51
8279,51
9699,51
5856,51
11703,51
5858,51
3305,51
14627,51
5854,51
8282,51
9318,51
5852,51
8479,51
2941,51
8391,51
9700,51
9876,51
14634,51
5855,51
5833,51
14624,51
8837,51
8439,51
8400,51
14621,51
14625,51
8441,51
8277,51
7868,51
8281,51
5857,51
8442,51
8280,51
8283,51
5843,51
8278,51
6491,51
8509,51
14626,51
5853,51
14622,51
8444,51
5860,51
5861,51
5862,51
8419,51
8436,51
11056,28
11609,28
1852,28
11194,28
10840,28
10857,28
11936,28
11287,28
12596,28
4475,28
11614,28
11280,28
11277,28
11279,28
11281,28
1821,28
1809,28
11075,28
11077,28
11076,28
11078,28
11611,28
10667,28
10838,28
12128,28
1813,28
10943,28
883,28
1808,28
1815,28
1816,28
1817,28
11859,28
9526,28
11216,28
10996,28
10836,28
10580,28
1805,28
12425,28
1843,28
1844,28
1847,28
1796,28
1840,28
4472,28
1854,28
11053,28
1846,28
1845,28
1842,28
1802,28
11613,28
11027,28
10780,28
10779,28
89,28
10801,28
10778,28
10976,28
11316,28
10936,28
11610,28
12387,28
12942,28
1848,28
12126,28
11217,28
11286,28
11278,28
10927,28
11282,28
10739,28
11872,28
11616,28
8257,28
1824,28
8596,28
1850,28
11285,28
1812,28
4474,28
1793,28
10925,28
11283,28
4493,28
1836,28
1841,28
1839,28
10979,28
1831,28
1838,28
1835,28
1837,28
1833,28
1884,28
1826,28
1832,28
10605,28
1834,28
12225,2100
12203,2100
12236,2100
12237,2100
13282,2100
12201,2100
12258,2100
13596,2100
13601,2100
12219,2100
12223,2100
12224,2100
13716,2100
11793,2100
12220,2100
13743,2100
12217,2100
12222,2100
11789,2100
13141,2100
13142,2100
11859,2100
13321,2100
12221,2100
13456,2100
13696,2100
12216,2100
12206,2100
11790,2100
11792,2100
11791,2100
6145,2100
11794,2100
2914,2100
13533,2100
12242,2100
12243,2100
13599,2100
13323,2100
11784,2100
11783,2100
12207,2100
12218,2100
12238,2100
4275,209
3887,209
4278,209
3872,209
4274,209
4279,209
3886,209
3914,209
3927,209
4627,209
2110,209
3861,209
3868,209
3849,209
4444,209
3864,209
3875,209
4958,209
5097,209
3863,209
3865,209
3855,209
3857,209
3853,209
3859,209
3851,209
3854,209
3862,209
2529,209
3850,209
3873,209
3866,209
3877,209
5058,209
4829,719
4824,719
4978,719
4825,719
6047,719
4787,719
4823,719
12876,719
4807,719
4805,719
4819,719
4818,719
4820,719
4827,719
4799,719
4798,719
6243,719
4887,719
4831,719
12902,719
6729,719
4815,719
4977,719
4830,719
4821,719
4822,719
4809,719
4811,719
4814,719
4832,719
4812,719
4810,719
4813,719
8996,719
7358,722
7334,722
8516,722
2110,722
7347,722
7335,722
7337,722
7353,722
8585,722
7352,722
8567,722
8696,722
7357,722
7356,722
7354,722
4076,722
8767,722
7341,722
8477,722
7340,722
7342,722
7345,722
7346,722
7343,722
7344,722
7348,722
7349,722
7351,722
7355,722
7333,722
7329,722
7328,722
7332,722
7327,722
15351,45
2816,45
2733,45
2788,45
12924,45
2636,45
2566,45
2564,45
2571,45
2567,45
2569,45
2562,45
2570,45
7869,45
2760,45
2700,45
2769,45
2782,45
2780,45
2781,45
2835,45
2608,45
2442,45
2761,45
12925,45
2582,45
2581,45
2775,45
2595,45
2596,45
2598,45
4062,45
1052,45
2577,45
2575,45
15021,45
15022,45
2778,45
15128,45
2805,45
2774,45
12920,45
2812,45
2771,45
2574,45
2572,45
2573,45
12998,45
2580,45
4479,45
4063,45
14983,45
2767,45
2696,45
2721,45
2714,45
2601,45
2611,45
2565,45
2792,45
2820,45
15136,45
2619,45
2621,45
2618,45
2810,45
2561,45
2559,45
2560,45
15350,45
12922,45
12923,45
9501,45
1471,45
6574,45
2821,45
4480,45
2713,45
2793,45
2772,45
15125,45
2603,45
15130,45
2612,45
2766,45
2597,45
4481,45
2783,45
2579,45
2604,45
9555,45
2755,45
2814,45
2606,45
2773,45
2599,45
2563,45
2620,45
2607,45
2779,45
3655,17
6253,17
6252,17
6254,17
3300,17
5797,17
6240,17
6249,17
3521,17
7895,17
12865,17
3390,17
5198,17
5834,17
3374,17
3375,17
3378,17
3377,17
3376,17
3394,17
3481,17
3467,17
3248,17
8016,17
3236,17
10668,17
6238,17
9336,17
16227,17
3292,17
5899,17
3263,17
3258,17
3261,17
3260,17
5838,17
5827,17
3380,17
3379,17
12320,17
12319,17
3454,17
3455,17
3393,17
5851,17
14781,17
3339,17
5780,17
2676,17
3231,17
3665,17
3449,17
7872,17
3630,17
3632,17
3634,17
3638,17
3615,17
3444,17
5849,17
5865,17
6247,17
11859,17
6387,17
3110,17
8306,17
3475,17
3270,17
5836,17
9297,17
14857,17
2675,17
8418,17
14892,17
3421,17
3246,17
5835,17
7287,17
3496,17
3495,17
3705,17
3341,17
4166,17
3391,17
3464,17
3414,17
5863,17
3398,17
3465,17
7288,17
3493,17
3235,17
3244,17
3249,17
3431,17
9558,17
3443,17
14850,17
5908,17
5911,17
10184,2159
11859,2159
14337,2159
12129,2159
11262,2159
15516,3428
15727,3428
15276,3428
15275,3428
15510,3428
15511,3428
15517,3428
15509,3428
15543,3428
15263,3428
15544,3428
15299,3428
